{"stats":{"minecraft:mined":{"minecraft:spawner":15,"minecraft:tall_seagrass":1,"minecraft:waxed_oxidized_cut_copper":1,"minecraft:fire":1,"minecraft:moss_carpet":3,"minecraft:anvil":1,"minecraft:peony":1,"minecraft:vine":1,"minecraft:player_head":1,"minecraft:scaffolding":1,"minecraft:flowering_azalea":2,"minecraft:potted_brown_mushroom":1,"minecraft:glass_pane":2,"minecraft:crafting_table":2,"minecraft:torch":1,"minecraft:rose_bush":2,"undead_revamp2:blacpetalblock":1,"minecraft:slime_block":1,"minecraft:lily_pad":2,"minecraft:wall_torch":5,"minecraft:seagrass":1,"naturalist:duckweed":1,"minecraft:mud":1,"minecraft:birch_log":4,"minecraft:tnt":2,"minecraft:black_bed":1,"minecraft:grass":3,"minecraft:sand":1,"minecraft:cobweb":1,"minecraft:small_dripleaf":2,"minecraft:mossy_stone_bricks":1,"minecraft:oak_leaves":2},"minecraft:crafted":{"naturalist:cooked_catfish":3,"minecraft:wooden_sword":1,"aether:iron_ring":2,"naturalist:cooked_bass":3,"minecraft:diamond_helmet":2,"minecraft:diamond_leggings":1,"minecraft:diamond_boots":1,"aether:diamond_gloves":1,"aether:iron_pendant":1,"minecraft:diamond_sword":1,"minecraft:crafting_table":2,"minecraft:wooden_pickaxe":1,"minecraft:iron_sword":1,"minecraft:birch_planks":16,"minecraft:air":0,"minecraft:diamond_pickaxe":1,"minecraft:stick":8,"minecraft:iron_pickaxe":1,"minecraft:wooden_axe":1,"minecraft:diamond_chestplate":1},"minecraft:broken":{"minecraft:diamond_helmet":1,"minecraft:wooden_sword":1},"minecraft:used":{"undead_revamp2:blacpetalblock":1,"naturalist:cooked_catfish":3,"minecraft:shield":25,"minecraft:iron_sword":124,"minecraft:torch":8,"minecraft:carrot":11,"naturalist:cooked_bass":3,"minecraft:wooden_axe":2,"friendsandfoes:totem_of_illusion":1,"minecraft:iron_axe":1,"minecraft:golden_carrot":12,"minecraft:furnace":1,"tombstone:gift":3,"minecraft:cooked_beef":30,"minecraft:cooked_mutton":1,"minecraft:waxed_oxidized_cut_copper":1,"minecraft:wooden_pickaxe":3,"minecraft:glow_berries":2,"minecraft:crafting_table":4,"minecraft:black_bed":5,"minecraft:diamond_pickaxe":18,"minecraft:iron_pickaxe":10,"ecologics:coconut_slice":2,"minecraft:diamond_sword":469,"minecraft:wooden_sword":72,"minecraft:cobblestone":99,"minecraft:potion":1,"alexsmobs:animal_dictionary":1,"minecraft:splash_potion":2},"minecraft:killed":{"illagerinvasion:archivist":1,"minecraft:witch":1,"minecraft:vindicator":2,"born_in_chaos_v1:zombie_bruiser":1,"illagerinvasion:basher":2,"born_in_chaos_v1:maggot":21,"minecraft:skeleton":34,"luminousworld:swamp_skeleton":8,"naturalist:bass":4,"illagerinvasion:provoker":2,"minecraft:illusioner":1,"naturalist:cardinal":1,"undead_revamp2:the_moonflower":1,"luminousworld:littlewood":1,"minecraft:ravager":6,"born_in_chaos_v1:decrepit_skeleton":1,"alexsmobs:catfish":1,"naturalist:catfish":3,"minecraft:zombie":68,"luminousworld:swamp_zombie":10,"born_in_chaos_v1:corpse_fly":1,"enemyexpansion:botfly":5,"minecraft:wither_skeleton":6},"minecraft:killed_by":{"undead_revamp2:therod":1,"minecraft:skeleton":4,"minecraft:zombie":9,"illagerinvasion:provoker":1,"minecraft:illusioner":1},"minecraft:custom":{"minecraft:mob_kills":186,"minecraft:interact_with_anvil":1,"minecraft:interact_with_crafting_table":7,"minecraft:open_barrel":32,"minecraft:damage_dealt_resisted":1411,"minecraft:leave_game":2,"minecraft:time_since_death":67843,"minecraft:climb_one_cm":19852,"minecraft:sprint_one_cm":406093,"minecraft:walk_one_cm":751036,"minecraft:damage_blocked_by_shield":2205,"minecraft:drop":14,"minecraft:play_noteblock":1,"minecraft:talked_to_villager":2,"minecraft:play_time":287999,"minecraft:deaths":19,"minecraft:sneak_time":1220,"minecraft:walk_under_water_one_cm":5813,"minecraft:jump":1094,"minecraft:interact_with_blast_furnace":2,"minecraft:walk_on_water_one_cm":25124,"minecraft:total_world_time":287999,"minecraft:interact_with_furnace":7,"tombstone:raider_killed":15,"minecraft:tune_noteblock":1,"minecraft:sleep_in_bed":5,"minecraft:time_since_rest":67502,"minecraft:open_enderchest":8,"minecraft:damage_taken":9332,"minecraft:damage_dealt":32011,"minecraft:swim_one_cm":14119,"minecraft:fly_one_cm":337898,"minecraft:open_chest":68,"minecraft:crouch_one_cm":960,"tombstone:undead_killed":129,"minecraft:interact_with_smoker":1,"minecraft:fall_one_cm":20563,"minecraft:inspect_dispenser":2},"minecraft:picked_up":{"minecraft:mud":1,"minecraft:waxed_oxidized_cut_copper":17,"minecraft:crafting_table":2,"illagerinvasion:platinum_chunk":1,"minecraft:chainmail_boots":1,"iceandfire:witherbone":2,"minecraft:flower_pot":1,"minecraft:anvil":1,"minecraft:turtle_helmet":2,"minecraft:brown_mushroom":1,"minecraft:diamond_sword":4,"friendsandfoes:totem_of_illusion":1,"minecraft:string":5,"minecraft:moss_carpet":2,"minecraft:armor_stand":1,"minecraft:compass":1,"takesapillage:ravager_horn":6,"minecraft:spruce_planks":23,"minecraft:rose_bush":2,"minecraft:ender_eye":4,"minecraft:player_head":4,"minecraft:iron_nugget":8,"naturalist:catfish":3,"ecologics:coconut_slice":2,"minecraft:copper_ingot":1,"minecraft:torch":6,"tombstone:grave_dust":26,"minecraft:tnt":2,"minecraft:diamond_chestplate":1,"minecraft:rotten_flesh":120,"minecraft:arrow":51,"minecraft:peony":1,"minecraft:birch_log":4,"born_in_chaos_v1:corpse_maggot":10,"minecraft:mud_bricks":5,"minecraft:feather":2,"minecraft:cooked_beef":1,"minecraft:black_bed":1,"minecraft:lily_pad":2,"minecraft:chainmail_chestplate":1,"minecraft:paper":1,"minecraft:cooked_mutton":1,"naturalist:bass":3,"minecraft:bone":49,"undead_revamp2:blacpetalblock":2,"minecraft:iron_ingot":3,"tombstone:bag_of_seeds":1,"minecraft:mossy_stone_bricks":1,"minecraft:flowering_azalea":2,"minecraft:sand":1,"alexsmobs:animal_dictionary":1,"minecraft:bundle":2,"alexsmobs:raw_catfish":3,"minecraft:diamond":6,"minecraft:slime_block":1,"minecraft:gray_banner":1,"minecraft:polished_blackstone_button":3,"minecraft:chainmail_leggings":2,"minecraft:golden_apple":1,"minecraft:emerald":4,"minecraft:chainmail_helmet":1,"tombstone:magic_scroll":1,"minecraft:coal":1},"minecraft:dropped":{"minecraft:polished_blackstone_button":2,"minecraft:rose_bush":2,"minecraft:flowering_azalea":1,"minecraft:chainmail_leggings":1,"minecraft:lily_pad":1,"minecraft:moss_carpet":3,"minecraft:player_head":1,"alexsmobs:animal_dictionary":1,"minecraft:chainmail_chestplate":1,"minecraft:turtle_helmet":1,"minecraft:peony":1,"born_in_chaos_v1:corpse_maggot":3,"minecraft:chainmail_boots":1}},"DataVersion":3465}