{"stats":{"minecraft:mined":{"iceandfire:graveyard_soil":2,"iceandfire:silver_ore":8,"minecraft:crafting_table":3,"minecraft:torch":1,"minecraft:grass_block":1,"minecraft:rose_bush":2,"luminousworld:grassvariant_2":2,"minecraft:cobblestone":8,"minecraft:red_glazed_terracotta":1,"minecraft:wall_torch":2,"minecraft:spawner":2,"minecraft:black_bed":1,"minecraft:grass":9,"minecraft:coal_ore":6,"minecraft:oak_log":14,"luminousworld:grassvariant_3":2,"minecraft:cobweb":1,"minecraft:cracked_stone_bricks":2,"minecraft:terracotta":6,"luminousworld:decorative_brown_2":1,"minecraft:stone":5,"minecraft:stone_bricks":1,"minecraft:oak_leaves":4},"minecraft:crafted":{"minecraft:cooked_beef":3,"minecraft:oak_planks":52,"minecraft:crafting_table":1,"minecraft:wooden_pickaxe":1,"minecraft:cooked_chicken":2,"minecraft:iron_sword":1,"minecraft:air":0,"minecraft:stick":12,"minecraft:iron_pickaxe":1,"minecraft:wooden_axe":1,"minecraft:torch":8},"minecraft:killed":{"earthmobsmod:cream_cow":2,"illagerinvasion:basher":1,"born_in_chaos_v1:decrepit_skeleton":1,"minecraft:skeleton":9,"iceandfire:ghost":3,"minecraft:chicken":2},"minecraft:used":{"minecraft:wooden_pickaxe":5,"minecraft:iron_sword":98,"minecraft:cooked_chicken":2,"minecraft:torch":6,"luminousworld:decorative_brown_2":1,"minecraft:crafting_table":3,"illagerinvasion:lost_candle":4,"minecraft:black_bed":1,"minecraft:oak_log":1,"minecraft:wooden_axe":32,"minecraft:apple":2,"minecraft:iron_axe":6,"minecraft:oak_button":1,"minecraft:iron_pickaxe":40,"minecraft:cobblestone":6,"tombstone:gift":1,"alexsmobs:animal_dictionary":1,"minecraft:cooked_beef":12},"minecraft:killed_by":{"illagerinvasion:basher":1,"minecraft:witch":1,"undead_revamp2:thehorrors":1},"minecraft:custom":{"minecraft:interact_with_furnace":7,"minecraft:mob_kills":19,"tombstone:raider_killed":1,"minecraft:interact_with_crafting_table":8,"minecraft:tune_noteblock":65,"minecraft:leave_game":1,"minecraft:time_since_death":27868,"minecraft:sleep_in_bed":1,"minecraft:climb_one_cm":15895,"minecraft:time_since_rest":26826,"minecraft:sprint_one_cm":188407,"minecraft:damage_taken":2418,"minecraft:walk_one_cm":231006,"minecraft:trigger_trapped_chest":2,"minecraft:drop":16,"minecraft:damage_dealt":3774,"minecraft:swim_one_cm":2515,"minecraft:fly_one_cm":393914,"minecraft:open_chest":14,"minecraft:crouch_one_cm":227,"minecraft:play_time":94321,"tombstone:undead_killed":13,"minecraft:deaths":4,"minecraft:sneak_time":287,"minecraft:walk_under_water_one_cm":9040,"minecraft:jump":1033,"minecraft:walk_on_water_one_cm":9631,"minecraft:total_world_time":94321,"minecraft:fall_one_cm":14674},"minecraft:picked_up":{"minecraft:crafting_table":3,"minecraft:feather":2,"luminousworld:decorative_brown_2":1,"minecraft:chicken":2,"minecraft:black_bed":1,"minecraft:leather":3,"minecraft:red_glazed_terracotta":1,"minecraft:oak_log":14,"iceandfire:ectoplasm":1,"minecraft:string":1,"minecraft:dirt":3,"minecraft:bone":15,"minecraft:apple":2,"minecraft:stone_bricks":5,"iceandfire:graveyard_soil":5,"minecraft:cracked_stone_bricks":10,"minecraft:wheat_seeds":1,"minecraft:beef":3,"minecraft:rose_bush":2,"tombstone:bag_of_seeds":1,"minecraft:iron_nugget":7,"minecraft:egg":2,"minecraft:torch":8,"tombstone:grave_dust":4,"minecraft:arrow":12,"minecraft:stone_axe":1,"minecraft:emerald":1,"minecraft:oak_button":1,"minecraft:terracotta":8,"minecraft:oak_sapling":2,"minecraft:coal":6,"iceandfire:raw_silver":8,"minecraft:cobblestone":20},"minecraft:dropped":{"minecraft:red_glazed_terracotta":1,"minecraft:cobblestone":7,"minecraft:cracked_stone_bricks":6,"iceandfire:graveyard_soil":4,"minecraft:dirt":2,"minecraft:oak_button":1,"minecraft:stone_bricks":4,"minecraft:terracotta":4}},"DataVersion":3465}