{"stats":{"minecraft:crafted":{"naturalist:cooked_catfish":3,"aether:iron_ring":2,"iceandfire:lectern":1,"naturalist:cooked_bass":3,"minecraft:diamond_helmet":2,"minecraft:diamond_leggings":1,"aether:diamond_gloves":1,"minecraft:crafting_table":5,"minecraft:wooden_pickaxe":1,"minecraft:birch_planks":16,"minecraft:diamond_pickaxe":1,"minecraft:stick":8,"minecraft:iron_pickaxe":1,"iceandfire:armor_bronze_helmet":1,"minecraft:wooden_sword":1,"ecologics:coconut_planks":20,"quark:jungle_chest":2,"illagerinvasion:platinum_sheet":1,"minecraft:diamond_boots":1,"aether:iron_pendant":1,"iceandfire:dragonbone_sword":1,"minecraft:diamond_sword":1,"iceandfire:armor_bronze_boots":1,"iceandfire:tide_trident":1,"minecraft:iron_sword":1,"minecraft:air":0,"minecraft:jungle_planks":24,"iceandfire:bestiary":1,"minecraft:wooden_axe":1,"iceandfire:armor_bronze_leggings":1,"minecraft:diamond_chestplate":1},"minecraft:dropped":{"minecraft:iron_sword":1,"minecraft:crossbow":1,"born_in_chaos_v1:monster_flesh":3,"minecraft:dirt":15,"minecraft:stone_button":3,"minecraft:sand":3,"minecraft:birch_log":2,"minecraft:cyan_carpet":8,"minecraft:golden_chestplate":1,"alexsmobs:animal_dictionary":1,"minecraft:chainmail_chestplate":1,"supplementaries:ash":6,"luminousworld:grassflowers":1,"minecraft:turtle_helmet":1,"born_in_chaos_v1:corpse_maggot":3,"minecraft:chainmail_boots":1,"iceandfire:deathworm_chitin_white":5,"minecraft:arrow":29,"minecraft:crying_obsidian":1,"minecraft:splash_potion":1,"minecraft:netherrack":1,"minecraft:wheat_seeds":7,"minecraft:cobblestone":4,"alexsmobs:rattlesnake_rattle":1,"minecraft:polished_blackstone_button":2,"minecraft:golden_apple":15,"illagerinvasion:platinum_chunk":1,"minecraft:rose_bush":2,"minecraft:flowering_azalea":1,"minecraft:chainmail_leggings":1,"minecraft:paper":1,"minecraft:string":8,"minecraft:lily_pad":1,"minecraft:gray_carpet":4,"minecraft:moss_carpet":3,"ecologics:coconut_planks":8,"minecraft:player_head":4,"luminousworld:yellow_grassflowers":1,"minecraft:mud_bricks":5,"minecraft:shield":1,"minecraft:peony":1,"minecraft:bundle":1,"minecraft:oak_sapling":2,"minecraft:magma_block":2},"minecraft:used":{"iceandfire:lectern":1,"iceandfire:tide_trident":2,"minecraft:iron_shovel":10,"naturalist:cooked_catfish":3,"minecraft:shield":84,"minecraft:iron_sword":124,"minecraft:carrot":11,"naturalist:cooked_bass":3,"born_in_chaos_v1:soul_cutlass":62,"minecraft:obsidian":5,"friendsandfoes:totem_of_illusion":1,"minecraft:furnace":1,"minecraft:wooden_pickaxe":3,"minecraft:golden_apple":25,"minecraft:glow_berries":2,"minecraft:sand":2,"minecraft:crossbow":29,"born_in_chaos_v1:holiday_candy":1,"minecraft:black_bed":7,"endrem:corrupted_eye":1,"ecologics:coconut_slice":2,"minecraft:diamond_sword":863,"minecraft:wooden_sword":72,"minecraft:flint_and_steel":1,"undead_revamp2:blacpetalblock":1,"quark:jungle_chest":2,"minecraft:torch":8,"minecraft:wooden_axe":2,"minecraft:iron_axe":25,"minecraft:golden_carrot":18,"tombstone:gift":3,"minecraft:cooked_beef":52,"minecraft:cooked_mutton":1,"minecraft:waxed_oxidized_cut_copper":1,"minecraft:crafting_table":9,"minecraft:diamond_pickaxe":45,"minecraft:iron_pickaxe":10,"minecraft:cobblestone":101,"minecraft:potion":1,"alexsmobs:animal_dictionary":1,"minecraft:splash_potion":2},"minecraft:killed_by":{"mutantmonsters:mutant_creeper":1,"minecraft:zombie":9,"minecraft:illusioner":1,"minecraft:husk":1,"undead_revamp2:therod":1,"minecraft:skeleton":4,"illagerinvasion:provoker":1},"minecraft:killed":{"illagerinvasion:archivist":3,"born_in_chaos_v1:mr_pumpkin":5,"minecraft:witch":1,"born_in_chaos_v1:zombie_lumberjack":1,"born_in_chaos_v1:door_knight_not_despawn":1,"born_in_chaos_v1:sir_the_headless":1,"minecraft:spider":1,"enemyexpansion:equestrian":1,"undead_revamp2:thesmoker":3,"illagerinvasion:basher":3,"minecraft:skeleton":35,"illagerinvasion:provoker":3,"minecraft:illusioner":1,"born_in_chaos_v1:firelight_not_despawn":1,"minecraft:pig":1,"born_in_chaos_v1:dread_hound_not_despawn":3,"minecraft:pillager":6,"enemyexpansion:meature":1,"minecraft:zombie":69,"born_in_chaos_v1:corpse_fly":1,"enemyexpansion:botfly":5,"mutantmonsters:mutant_creeper":1,"takesapillage:archer":5,"iceandfire:sea_serpent":1,"minecraft:blaze":23,"minecraft:evoker":1,"minecraft:vindicator":9,"alexsmobs:rattlesnake":2,"born_in_chaos_v1:zombie_bruiser":1,"born_in_chaos_v1:maggot":23,"born_in_chaos_v1:pumpkinhead":1,"luminousworld:swamp_skeleton":8,"iceandfire:fire_dragon":1,"naturalist:bass":4,"naturalist:cardinal":1,"iceandfire:deathworm":1,"born_in_chaos_v1:felsteed":1,"minecraft:husk":13,"takesapillage:skirmisher":1,"undead_revamp2:the_moonflower":3,"luminousworld:littlewood":1,"earthmobsmod:cream_cow":1,"minecraft:ravager":8,"born_in_chaos_v1:decrepit_skeleton":3,"alexsmobs:catfish":1,"naturalist:catfish":3,"luminousworld:swamp_zombie":10,"minecraft:wither_skeleton":6,"enemyexpansion:slugger":1},"minecraft:picked_up":{"minecraft:wheat":7,"minecraft:iron_chestplate":1,"illagerinvasion:platinum_chunk":5,"minecraft:chainmail_boots":2,"minecraft:flower_pot":1,"minecraft:anvil":1,"minecraft:diamond_sword":10,"earthmobsmod:fancy_egg":1,"minecraft:enchanted_book":1,"born_in_chaos_v1:holiday_candy":25,"minecraft:string":5,"minecraft:armor_stand":1,"minecraft:experience_bottle":1,"iceandfire:sea_serpent_scales_bronze":5,"minecraft:bucket":1,"minecraft:spruce_planks":23,"minecraft:rose_bush":2,"minecraft:ender_eye":4,"minecraft:iron_pickaxe":1,"minecraft:melon_slice":17,"minecraft:stick":3,"minecraft:torch":6,"minecraft:porkchop":1,"tombstone:grave_dust":30,"minecraft:golden_chestplate":1,"luminousworld:grassflowers":1,"minecraft:rotten_flesh":148,"luminousworld:yellow_grassflowers":1,"minecraft:tropical_fish":1,"ecologics:coconut_log":5,"iceandfire:fire_dragon_heart":1,"supplementaries:ash":15,"minecraft:blaze_rod":8,"minecraft:obsidian":3,"minecraft:cobblestone":5,"minecraft:birch_log":6,"minecraft:magma_block":2,"minecraft:feather":2,"minecraft:cooked_beef":3,"minecraft:jungle_log":6,"minecraft:black_bed":2,"iceandfire:dragonscales_bronze":23,"minecraft:dirt":30,"born_in_chaos_v1:monster_skin":2,"minecraft:bone":60,"undead_revamp2:blacpetalblock":2,"minecraft:bow":1,"minecraft:wheat_seeds":7,"minecraft:mossy_stone_bricks":1,"minecraft:sand":6,"alexsmobs:animal_dictionary":1,"minecraft:iron_hoe":2,"minecraft:bundle":4,"minecraft:diamond":6,"minecraft:slime_block":1,"iceandfire:lectern":1,"luminousworld:yellowpetunias":5,"minecraft:polished_blackstone_button":3,"minecraft:crossbow":1,"alexsmobs:rattlesnake_rattle":1,"minecraft:golden_apple":1,"minecraft:emerald":10,"minecraft:chainmail_helmet":2,"minecraft:oak_sapling":2,"minecraft:netherrack":1,"minecraft:mud":1,"minecraft:waxed_oxidized_cut_copper":17,"minecraft:crafting_table":5,"iceandfire:witherbone":2,"minecraft:turtle_helmet":2,"minecraft:brown_mushroom":1,"friendsandfoes:totem_of_illusion":1,"minecraft:gold_block":1,"minecraft:shield":1,"minecraft:moss_carpet":2,"minecraft:compass":1,"takesapillage:ravager_horn":7,"minecraft:cyan_carpet":8,"minecraft:beef":1,"minecraft:player_head":4,"minecraft:iron_nugget":14,"naturalist:catfish":3,"iceandfire:dragonbone":9,"ecologics:coconut_slice":8,"minecraft:copper_ingot":1,"minecraft:stone_button":3,"iceandfire:deathworm_chitin_white":5,"minecraft:tnt":2,"minecraft:arrow":61,"minecraft:diamond_chestplate":1,"minecraft:peony":1,"minecraft:totem_of_undying":1,"born_in_chaos_v1:corpse_maggot":10,"born_in_chaos_v1:pumpkin_staff":1,"born_in_chaos_v1:monster_flesh":3,"minecraft:mud_bricks":5,"iceandfire:sea_serpent_fang":3,"minecraft:leather":1,"minecraft:oak_log":1,"minecraft:chainmail_chestplate":1,"minecraft:lily_pad":2,"minecraft:paper":2,"tombstone:gift":1,"naturalist:bass":3,"minecraft:cooked_mutton":1,"born_in_chaos_v1:soul_cutlass":1,"minecraft:gray_carpet":4,"minecraft:iron_ingot":3,"tombstone:bag_of_seeds":1,"minecraft:iron_sword":1,"iceandfire:fire_dragon_flesh":3,"minecraft:flowering_azalea":2,"minecraft:book":2,"luminousworld:sunset_petunias":1,"minecraft:crying_obsidian":1,"alexsmobs:raw_catfish":3,"minecraft:slime_ball":5,"minecraft:gray_banner":1,"minecraft:chainmail_leggings":2,"tombstone:magic_scroll":1,"minecraft:coal":1},"minecraft:broken":{"minecraft:diamond_helmet":1,"minecraft:diamond_boots":1,"minecraft:wooden_sword":1},"minecraft:custom":{"minecraft:interact_with_crafting_table":14,"minecraft:open_barrel":54,"minecraft:leave_game":4,"minecraft:time_since_death":78687,"minecraft:sprint_one_cm":741101,"minecraft:damage_blocked_by_shield":3765,"minecraft:drop":75,"minecraft:play_noteblock":1,"minecraft:talked_to_villager":2,"minecraft:play_time":433280,"minecraft:deaths":23,"minecraft:jump":3250,"minecraft:walk_on_water_one_cm":38543,"minecraft:interact_with_furnace":7,"minecraft:sleep_in_bed":10,"minecraft:open_enderchest":8,"minecraft:damage_dealt":63420,"minecraft:crouch_one_cm":1031,"tombstone:undead_killed":156,"minecraft:interact_with_smoker":1,"minecraft:inspect_dispenser":2,"minecraft:mob_kills":288,"minecraft:interact_with_anvil":1,"minecraft:damage_dealt_resisted":3568,"minecraft:climb_one_cm":29241,"minecraft:walk_one_cm":1294721,"minecraft:sneak_time":1367,"minecraft:walk_under_water_one_cm":13379,"minecraft:interact_with_blast_furnace":2,"minecraft:total_world_time":433280,"tombstone:raider_killed":41,"minecraft:tune_noteblock":1,"minecraft:time_since_rest":41268,"minecraft:damage_taken":14380,"minecraft:damage_absorbed":750,"minecraft:swim_one_cm":25417,"minecraft:fly_one_cm":886067,"minecraft:open_chest":118,"minecraft:fall_one_cm":71584},"minecraft:mined":{"minecraft:obsidian":3,"minecraft:grass_block":10,"minecraft:jungle_log":6,"iceandfire:lectern":1,"minecraft:spawner":18,"minecraft:tall_seagrass":1,"minecraft:magma_block":2,"minecraft:fire":32,"minecraft:moss_carpet":3,"minecraft:anvil":1,"minecraft:player_head":1,"minecraft:potted_brown_mushroom":1,"minecraft:torch":1,"minecraft:melon":4,"minecraft:slime_block":1,"minecraft:wall_torch":5,"minecraft:seagrass":1,"minecraft:mud":1,"minecraft:birch_log":4,"minecraft:tnt":2,"minecraft:black_bed":2,"minecraft:grass":19,"minecraft:sand":6,"minecraft:dirt":9,"born_in_chaos_v1:infernal_evil_pumpkin_s":1,"minecraft:netherrack":1,"minecraft:oak_leaves":20,"minecraft:crying_obsidian":1,"luminousworld:grassvariant_2":1,"ecologics:coconut_log":5,"luminousworld:sunset_petunias":1,"minecraft:waxed_oxidized_cut_copper":1,"minecraft:peony":1,"minecraft:gold_block":1,"minecraft:vine":2,"minecraft:stone":2,"minecraft:scaffolding":1,"minecraft:flowering_azalea":2,"minecraft:glass_pane":2,"minecraft:crafting_table":5,"minecraft:rose_bush":2,"undead_revamp2:blacpetalblock":1,"minecraft:tall_grass":2,"minecraft:lily_pad":2,"naturalist:duckweed":1,"minecraft:birch_leaves":3,"minecraft:cobweb":1,"minecraft:small_dripleaf":2,"minecraft:mossy_stone_bricks":1,"minecraft:fern":1}},"DataVersion":3465}