{"stats":{"minecraft:crafted":{"naturalist:cooked_catfish":3,"minecraft:oak_planks":20,"aether:iron_ring":2,"iceandfire:lectern":1,"aether:golden_ring":2,"naturalist:cooked_bass":3,"minecraft:diamond_helmet":2,"minecraft:diamond_leggings":1,"aether:diamond_gloves":1,"minecraft:crafting_table":6,"iceandfire:dragonscale_amythest":5,"minecraft:wooden_pickaxe":1,"tombstone:impregnated_diamond":1,"minecraft:gold_block":13,"minecraft:birch_planks":16,"minecraft:diamond_pickaxe":1,"minecraft:emerald_block":9,"minecraft:stick":8,"minecraft:iron_ingot":6,"minecraft:iron_pickaxe":1,"minecraft:iron_block":24,"iceandfire:armor_bronze_helmet":1,"minecraft:wooden_sword":1,"ecologics:coconut_planks":20,"quark:jungle_chest":2,"iceandfire:dragon_stick":1,"minecraft:diamond_block":14,"illagerinvasion:platinum_sheet":1,"minecraft:diamond_boots":1,"aether:iron_pendant":1,"iceandfire:chain":1,"iceandfire:dragonbone_sword":1,"minecraft:diamond_sword":1,"iceandfire:armor_bronze_boots":1,"iceandfire:tide_trident":1,"minecraft:iron_sword":1,"minecraft:air":0,"minecraft:jungle_planks":24,"minecraft:oak_boat":1,"iceandfire:bestiary":1,"minecraft:golden_apple":16,"iceandfire:dragonforge_lightning_brick":4,"minecraft:wooden_axe":1,"iceandfire:armor_bronze_leggings":1,"tombstone:bone_needle":1,"minecraft:diamond_chestplate":1},"minecraft:dropped":{"minecraft:iron_sword":1,"minecraft:moss_block":1,"minecraft:lapis_lazuli":8,"minecraft:oak_log":5,"iceandfire:amphithere_macuahuitl":1,"minecraft:crossbow":1,"minecraft:glow_berries":1,"iceandfire:podium_acacia":1,"minecraft:iron_horse_armor":1,"minecraft:cyan_terracotta":1,"born_in_chaos_v1:monster_flesh":3,"minecraft:dirt":21,"tombstone:bag_of_seeds":1,"minecraft:stone_button":3,"sophisticatedbackpacks:netherite_backpack":1,"minecraft:gold_nugget":26,"minecraft:sand":3,"minecraft:birch_log":2,"minecraft:cyan_carpet":8,"minecraft:bone":18,"hangglider:hang_glider":1,"minecraft:golden_chestplate":1,"alexsmobs:animal_dictionary":2,"minecraft:cobbled_deepslate":33,"minecraft:wheat":4,"undead_revamp2:arapholia":3,"minecraft:rotten_flesh":98,"minecraft:oak_planks":9,"luminousworld:savannah_soil":2,"iceandfire:crackled_gravel":1,"minecraft:chainmail_chestplate":1,"supplementaries:flax_seeds":4,"supplementaries:ash":49,"luminousworld:grassflowers":1,"minecraft:turtle_helmet":1,"minecraft:gunpowder":1,"minecraft:skeleton_skull":1,"minecraft:jungle_log":2,"born_in_chaos_v1:corpse_maggot":8,"minecraft:chainmail_boots":1,"iceandfire:deathworm_chitin_white":5,"minecraft:arrow":34,"minecraft:crying_obsidian":1,"undead_revamp2:rawbostrox":20,"minecraft:splash_potion":1,"minecraft:netherrack":1,"minecraft:iron_ingot":1,"minecraft:bread":5,"minecraft:wheat_seeds":7,"luminousworld:ishstone":2,"minecraft:mossy_cobblestone":1,"minecraft:golden_horse_armor":1,"minecraft:oak_fence":2,"minecraft:cobblestone":22,"minecraft:lead":1,"alexsmobs:rattlesnake_rattle":1,"minecraft:granite":3,"minecraft:tropical_fish":1,"born_in_chaos_v1:soul_cutlass":1,"minecraft:polished_blackstone_button":2,"minecraft:acacia_log":1,"minecraft:coal":9,"minecraft:golden_apple":15,"minecraft:pufferfish":1,"illagerinvasion:platinum_chunk":1,"born_in_chaos_v1:black_argillite":1,"minecraft:diorite":1,"minecraft:rose_bush":3,"luminousworld:savannah_ground":5,"tombstone:grave_dust":3,"minecraft:flowering_azalea":1,"minecraft:iron_axe":4,"minecraft:chainmail_leggings":1,"minecraft:paper":35,"minecraft:string":14,"minecraft:lily_pad":1,"minecraft:gray_carpet":4,"minecraft:redstone":2,"ecologics:coconut_planks":8,"minecraft:moss_carpet":4,"minecraft:creeper_head":1,"minecraft:kelp":6,"minecraft:player_head":4,"minecraft:raw_copper":7,"minecraft:smooth_stone_slab":3,"minecraft:tuff":5,"minecraft:raw_iron":3,"minecraft:clay_ball":32,"minecraft:iron_boots":1,"minecraft:name_tag":1,"minecraft:white_terracotta":7,"luminousworld:yellow_grassflowers":1,"minecraft:mud_bricks":5,"minecraft:shield":2,"minecraft:peony":1,"minecraft:bundle":5,"minecraft:oak_boat":1,"minecraft:oak_sapling":2,"minecraft:spider_eye":1,"minecraft:stone_bricks":60,"minecraft:slime_ball":1,"minecraft:bow":1,"minecraft:raw_gold":6,"minecraft:magma_block":2,"minecraft:terracotta":12},"minecraft:used":{"iceandfire:lectern":1,"iceandfire:tide_trident":4,"minecraft:iron_shovel":47,"minecraft:ladder":11,"naturalist:cooked_catfish":3,"minecraft:chest":3,"minecraft:shield":105,"minecraft:iron_sword":124,"minecraft:carrot":11,"born_in_chaos_v1:soul_cutlass":813,"naturalist:cooked_bass":3,"minecraft:obsidian":5,"minecraft:lava_bucket":1,"friendsandfoes:totem_of_illusion":1,"minecraft:furnace":3,"minecraft:diorite":4,"minecraft:oak_planks":11,"twilightforest:uncrafting_table":1,"minecraft:wooden_pickaxe":3,"minecraft:golden_apple":87,"minecraft:glow_berries":2,"minecraft:sand":22,"alexscaves:cave_book":2,"minecraft:crossbow":46,"born_in_chaos_v1:holiday_candy":1,"minecraft:black_bed":7,"endrem:corrupted_eye":1,"undead_revamp2:chainsword":32,"ecologics:coconut_slice":2,"minecraft:andesite":11,"minecraft:wooden_sword":72,"minecraft:diamond_sword":863,"minecraft:stripped_oak_wood":24,"tombstone:familiar_stone":5,"minecraft:oak_boat":1,"quark:crafter":2,"minecraft:oak_fence":3,"minecraft:experience_bottle":448,"minecraft:oak_trapdoor":2,"minecraft:flint_and_steel":1,"undead_revamp2:blacpetalblock":1,"quark:jungle_chest":2,"minecraft:spruce_planks":2,"minecraft:cooked_chicken":1,"minecraft:torch":30,"minecraft:dirt":2,"minecraft:anvil":1,"minecraft:spruce_stairs":3,"minecraft:granite":3,"minecraft:wooden_axe":2,"minecraft:bookshelf":2,"quark:spruce_chest":2,"minecraft:iron_axe":71,"minecraft:oak_stairs":5,"alexscaves:spelunkery_table":1,"minecraft:golden_carrot":18,"tombstone:gift":3,"minecraft:cooked_beef":67,"minecraft:cobbled_deepslate":8,"minecraft:calcite":5,"minecraft:cooked_mutton":1,"undead_revamp2:wincallerfan":3,"minecraft:waxed_oxidized_cut_copper":1,"luminousworld:ishstone":2,"minecraft:mossy_cobblestone":11,"iceandfire:amphithere_macuahuitl":3,"minecraft:tnt":3,"minecraft:crafting_table":18,"minecraft:cake":2,"minecraft:diamond_pickaxe":299,"minecraft:apple":1,"iceandfire:dragonbone_bow":1,"minecraft:iron_pickaxe":10,"minecraft:cobblestone":139,"minecraft:potion":1,"minecraft:bucket":1,"alexsmobs:animal_dictionary":2,"minecraft:splash_potion":2},"minecraft:killed_by":{"mutantmonsters:mutant_creeper":1,"minecraft:zombie":9,"minecraft:illusioner":1,"minecraft:husk":1,"born_in_chaos_v1:decaying_zombie":1,"undead_revamp2:therod":1,"minecraft:skeleton":4,"illagerinvasion:provoker":1},"minecraft:killed":{"illagerinvasion:archivist":3,"luminousworld:miner_zombie":2,"minecraft:cave_spider":1,"born_in_chaos_v1:mr_pumpkin":5,"minecraft:witch":2,"born_in_chaos_v1:restless_spirit":1,"born_in_chaos_v1:zombie_lumberjack":3,"born_in_chaos_v1:skeleton_demoman":1,"born_in_chaos_v1:sir_the_headless":1,"born_in_chaos_v1:door_knight_not_despawn":1,"enemyexpansion:equestrian":1,"minecraft:spider":5,"undead_revamp2:thesmoker":4,"illagerinvasion:basher":3,"minecraft:skeleton":50,"luminousworld:ringlet":2,"illagerinvasion:provoker":3,"minecraft:illusioner":1,"undead_revamp2:thepregnant":1,"luminousworld:charaxes":1,"born_in_chaos_v1:firelight_not_despawn":1,"minecraft:pig":1,"undead_revamp2:theheavy":1,"born_in_chaos_v1:dread_hound_not_despawn":3,"undead_revamp2:thebeartamer":1,"iceandfire:cockatrice":1,"undead_revamp2:theordure":1,"minecraft:pillager":6,"luminousworld:savannah_skeleton":4,"enemyexpansion:meature":1,"minecraft:zombie":116,"born_in_chaos_v1:corpse_fly":7,"enemyexpansion:botfly":17,"minecraft:glow_squid":1,"iceandfire:lightning_dragon":2,"mutantmonsters:mutant_creeper":1,"born_in_chaos_v1:door_knight":3,"takesapillage:archer":5,"iceandfire:sea_serpent":1,"minecraft:blaze":23,"minecraft:evoker":1,"undead_revamp2:thehunter":2,"undead_revamp2:thegliter":2,"minecraft:vindicator":9,"quark:toretoise":1,"enemyexpansion:direwolf":1,"alexsmobs:rattlesnake":2,"born_in_chaos_v1:zombie_bruiser":3,"born_in_chaos_v1:maggot":50,"minecraft:phantom":1,"born_in_chaos_v1:pumpkinhead":1,"luminousworld:swamp_skeleton":8,"iceandfire:fire_dragon":1,"naturalist:bass":4,"undead_revamp2:thebidy":2,"cataclysm:lionfish":1,"naturalist:cardinal":1,"iceandfire:deathworm":1,"minecraft:warden":2,"undead_revamp2:sucker":2,"luminousworld:savannah_zombie":7,"iceandfire:hippocampus":1,"born_in_chaos_v1:barrel_zombie":1,"cataclysm:deepling_angler":1,"minecraft:husk":46,"born_in_chaos_v1:felsteed":1,"born_in_chaos_v1:baby_skeleton":2,"born_in_chaos_v1:swarmer":1,"iceandfire:amphithere":1,"takesapillage:skirmisher":1,"earthmobsmod:skeleton_wolf":1,"undead_revamp2:the_moonflower":14,"luminousworld:littlewood":1,"earthmobsmod:cream_cow":1,"minecraft:ravager":8,"born_in_chaos_v1:decrepit_skeleton":7,"alexsmobs:catfish":1,"undead_revamp2:thesomnolence":6,"born_in_chaos_v1:decaying_zombie":1,"endermanoverhaul:cave_enderman":1,"naturalist:catfish":3,"luminousworld:swamp_zombie":10,"iceandfire:ghost":1,"enemyexpansion:huntsman":1,"born_in_chaos_v1:dark_vortex":1,"minecraft:wither_skeleton":6,"enemyexpansion:slugger":1},"minecraft:picked_up":{"minecraft:iron_chestplate":1,"minecraft:wheat":11,"minecraft:chainmail_boots":3,"illagerinvasion:platinum_chunk":5,"minecraft:anvil":1,"minecraft:creeper_head":1,"minecraft:flower_pot":1,"minecraft:lead":1,"minecraft:diamond_sword":10,"earthmobsmod:fancy_egg":2,"minecraft:enchanted_book":1,"minecraft:potion":1,"born_in_chaos_v1:holiday_candy":25,"born_in_chaos_v1:black_argillite":2,"minecraft:string":31,"minecraft:dark_oak_trapdoor":2,"minecraft:raw_copper":7,"minecraft:smooth_stone_slab":3,"minecraft:armor_stand":1,"minecraft:pufferfish":1,"minecraft:experience_bottle":1,"iceandfire:sea_serpent_scales_bronze":5,"minecraft:gold_nugget":26,"minecraft:cobbled_deepslate":45,"minecraft:bucket":1,"minecraft:spruce_planks":23,"minecraft:rose_bush":3,"minecraft:ender_eye":4,"minecraft:calcite":5,"minecraft:iron_pickaxe":3,"hangglider:hang_glider":1,"minecraft:melon_slice":34,"sophisticatedbackpacks:netherite_backpack":1,"minecraft:iron_boots":1,"minecraft:stick":3,"endermanoverhaul:savanna_hood":1,"minecraft:oak_fence":1,"minecraft:torch":29,"minecraft:acacia_log":2,"deeperdarker:heart_of_the_deep":2,"luminousworld:savannah_soil":13,"minecraft:porkchop":1,"iceandfire:lightning_dragon_flesh":4,"iceandfire:crackled_gravel":4,"tombstone:grave_dust":47,"minecraft:diorite":5,"minecraft:golden_chestplate":1,"luminousworld:grassflowers":1,"minecraft:rotten_flesh":334,"luminousworld:yellow_grassflowers":1,"minecraft:tropical_fish":2,"ecologics:coconut_log":5,"supplementaries:antique_ink":2,"iceandfire:fire_dragon_heart":1,"minecraft:cyan_terracotta":1,"minecraft:white_terracotta":7,"luminousworld:tall_deadbush":2,"supplementaries:ash":97,"minecraft:blaze_rod":8,"minecraft:obsidian":3,"undead_revamp2:arapholia":3,"minecraft:cobblestone":68,"minecraft:birch_log":6,"minecraft:magma_block":2,"luminousworld:savannah_ground":6,"minecraft:feather":5,"minecraft:cooked_beef":3,"minecraft:andesite":11,"minecraft:jungle_log":13,"minecraft:black_bed":2,"minecraft:tuff":5,"supplementaries:flax_seeds":4,"undead_revamp2:huntereye":2,"minecraft:lapis_lazuli":8,"minecraft:dirt":43,"iceandfire:dragonscales_bronze":23,"minecraft:name_tag":1,"born_in_chaos_v1:monster_skin":2,"minecraft:bone":116,"undead_revamp2:blacpetalblock":2,"minecraft:bow":4,"minecraft:wheat_seeds":7,"minecraft:raw_gold":6,"luminousworld:elephant_grass":1,"minecraft:dark_oak_sign":1,"minecraft:mossy_stone_bricks":1,"minecraft:cyan_candle":3,"minecraft:moss_block":1,"minecraft:oak_planks":5,"iceandfire:dragonscales_amythest":48,"iceandfire:amphithere_feather":2,"iceandfire:shiny_scales":4,"minecraft:sand":26,"iceandfire:lightning_dragon_heart":2,"minecraft:barrel":1,"alexsmobs:animal_dictionary":1,"minecraft:mossy_cobblestone":12,"undead_revamp2:heavytooth":2,"minecraft:bundle":8,"cataclysm:lionfish":1,"minecraft:iron_hoe":4,"minecraft:diamond":11,"minecraft:slime_block":1,"iceandfire:lectern":1,"luminousworld:yellowpetunias":5,"minecraft:polished_blackstone_button":3,"minecraft:crossbow":1,"alexsmobs:rattlesnake_rattle":1,"minecraft:granite":6,"minecraft:spruce_sign":2,"minecraft:golden_apple":4,"minecraft:bread":10,"minecraft:chainmail_helmet":4,"minecraft:golden_horse_armor":1,"minecraft:emerald":70,"minecraft:oak_sapling":2,"minecraft:netherrack":1,"minecraft:waxed_oxidized_cut_copper":17,"minecraft:mud":2,"iceandfire:dragon_skull_lightning":4,"luminousworld:groundpebbles_1":1,"minecraft:crafting_table":11,"iceandfire:witherbone":2,"minecraft:clay_ball":32,"minecraft:turtle_helmet":2,"minecraft:brown_mushroom":1,"friendsandfoes:totem_of_illusion":1,"iceandfire:chain":2,"minecraft:gold_block":1,"minecraft:chain":3,"minecraft:shield":1,"minecraft:moss_carpet":3,"minecraft:iron_axe":4,"minecraft:compass":1,"minecraft:iron_shovel":1,"takesapillage:ravager_horn":7,"minecraft:cyan_carpet":13,"deeperdarker:warden_carapace":4,"iceandfire:bestiary":1,"minecraft:beef":1,"minecraft:oak_boat":1,"minecraft:player_head":4,"minecraft:iron_nugget":38,"minecraft:spruce_slab":2,"naturalist:catfish":3,"iceandfire:podium_acacia":2,"minecraft:phantom_membrane":1,"minecraft:raw_iron":3,"iceandfire:dragonbone":52,"ecologics:coconut_slice":8,"minecraft:copper_ingot":4,"minecraft:stone_button":3,"minecraft:carrot":4,"born_in_chaos_v1:pieceofdarkmetal":1,"iceandfire:deathworm_chitin_white":5,"minecraft:redstone":2,"minecraft:iron_horse_armor":1,"minecraft:tnt":5,"minecraft:arrow":77,"minecraft:diamond_chestplate":1,"minecraft:peony":1,"alexscaves:spelunkery_table":1,"undead_revamp2:the_somnolenceextract":1,"tombstone:essence_of_undeath":2,"minecraft:totem_of_undying":1,"minecraft:glow_berries":5,"minecraft:skeleton_skull":1,"minecraft:stripped_oak_log":1,"born_in_chaos_v1:corpse_maggot":47,"minecraft:mud_bricks":5,"iceandfire:sea_serpent_fang":3,"born_in_chaos_v1:monster_flesh":3,"born_in_chaos_v1:pumpkin_staff":1,"minecraft:salmon":1,"luminousworld:ishstone":4,"minecraft:leather":1,"minecraft:oak_log":14,"minecraft:chainmail_chestplate":1,"minecraft:lily_pad":2,"minecraft:gunpowder":2,"minecraft:paper":2,"tombstone:gift":1,"naturalist:bass":3,"minecraft:cooked_mutton":1,"born_in_chaos_v1:soul_cutlass":4,"minecraft:gray_carpet":4,"minecraft:kelp":6,"minecraft:iron_ingot":11,"quark:glow_shroom":4,"minecraft:cooked_chicken":1,"tombstone:bag_of_seeds":4,"minecraft:dark_oak_stairs":2,"minecraft:iron_sword":5,"iceandfire:fire_dragon_flesh":3,"minecraft:flowering_azalea":2,"minecraft:book":2,"minecraft:sculk_catalyst":2,"iceandfire:ash":1,"born_in_chaos_v1:ethereal_spirit":2,"luminousworld:sunset_petunias":1,"born_in_chaos_v1:dark_rod":2,"minecraft:crying_obsidian":1,"minecraft:spider_eye":1,"undead_revamp2:rawbostrox":20,"alexsmobs:raw_catfish":6,"minecraft:slime_ball":6,"minecraft:gray_banner":1,"minecraft:chainmail_leggings":2,"minecraft:iron_helmet":1,"minecraft:terracotta":12,"tombstone:magic_scroll":4,"minecraft:coal":50,"minecraft:ender_pearl":1},"minecraft:broken":{"minecraft:diamond_helmet":1,"minecraft:diamond_boots":1,"minecraft:wooden_sword":1},"minecraft:custom":{"minecraft:interact_with_crafting_table":42,"minecraft:open_barrel":84,"minecraft:eat_cake_slice":10,"minecraft:leave_game":8,"minecraft:time_since_death":8439,"minecraft:sprint_one_cm":1078122,"minecraft:damage_blocked_by_shield":3891,"minecraft:drop":200,"minecraft:play_noteblock":1,"minecraft:talked_to_villager":8,"minecraft:play_time":807042,"minecraft:deaths":25,"minecraft:jump":6001,"minecraft:walk_on_water_one_cm":85397,"minecraft:interact_with_furnace":9,"twilightforest:uncrafting_table_interactions":3,"minecraft:interact_with_loom":6,"minecraft:sleep_in_bed":14,"minecraft:open_enderchest":8,"minecraft:damage_dealt":116772,"minecraft:crouch_one_cm":1179,"tombstone:undead_killed":309,"minecraft:interact_with_smoker":2,"minecraft:inspect_dispenser":2,"minecraft:horse_one_cm":499441,"minecraft:interact_with_anvil":2,"minecraft:mob_kills":551,"minecraft:damage_dealt_resisted":5204,"minecraft:climb_one_cm":51870,"minecraft:walk_one_cm":2041912,"minecraft:sneak_time":3176,"minecraft:walk_under_water_one_cm":58318,"minecraft:boat_one_cm":214830,"minecraft:interact_with_lectern":1,"minecraft:interact_with_blast_furnace":12,"minecraft:total_world_time":807042,"tombstone:raider_killed":43,"minecraft:tune_noteblock":10,"minecraft:time_since_rest":8091,"minecraft:damage_taken":20736,"minecraft:damage_absorbed":2203,"minecraft:trigger_trapped_chest":1,"minecraft:swim_one_cm":83794,"minecraft:fly_one_cm":1899418,"minecraft:open_chest":223,"minecraft:fall_one_cm":158409},"minecraft:mined":{"minecraft:jungle_leaves":7,"minecraft:obsidian":3,"minecraft:cave_vines_plant":2,"minecraft:granite":6,"quark:glow_shroom_stem":2,"minecraft:grass_block":10,"minecraft:jungle_log":9,"iceandfire:lectern":1,"luminousworld:savanna_grass_2":2,"minecraft:spawner":30,"minecraft:tall_seagrass":1,"minecraft:magma_block":2,"minecraft:sculk_catalyst":2,"minecraft:dark_oak_trapdoor":1,"minecraft:barrel":1,"minecraft:fire":37,"minecraft:cobbled_deepslate":2,"minecraft:moss_carpet":3,"minecraft:anvil":1,"minecraft:deepslate_lapis_ore":1,"minecraft:dark_oak_stairs":2,"minecraft:sculk_shrieker":1,"minecraft:cave_vines":1,"minecraft:dirt_path":2,"minecraft:player_head":1,"minecraft:potted_brown_mushroom":1,"minecraft:cyan_terracotta":1,"luminousworld:tall_deadbush":3,"minecraft:orange_terracotta":4,"iceandfire:podium_acacia":1,"minecraft:clay":8,"minecraft:torch":10,"minecraft:light_gray_terracotta":2,"minecraft:melon":4,"minecraft:cobblestone":3,"minecraft:slime_block":1,"minecraft:oak_planks":4,"minecraft:wall_torch":10,"minecraft:seagrass":1,"minecraft:white_terracotta":9,"minecraft:chain":3,"minecraft:mud":2,"minecraft:birch_log":4,"minecraft:tnt":5,"minecraft:black_bed":2,"minecraft:smooth_stone_slab":3,"minecraft:grass":19,"minecraft:oak_log":5,"minecraft:dirt":17,"minecraft:sand":26,"born_in_chaos_v1:infernal_evil_pumpkin_s":1,"minecraft:cyan_candle":1,"minecraft:netherrack":1,"luminousworld:savannah_grass_4":4,"minecraft:oak_leaves":20,"minecraft:deepslate":42,"luminousworld:savannah_ground":5,"alexscaves:spelunkery_table":1,"minecraft:crying_obsidian":1,"minecraft:tuff":5,"minecraft:mossy_cobblestone":13,"minecraft:deepslate_diamond_ore":3,"born_in_chaos_v1:black_argillite":1,"luminousworld:grassvariant_2":2,"ecologics:coconut_log":5,"minecraft:moss_block":1,"luminousworld:sunset_petunias":1,"minecraft:waxed_oxidized_cut_copper":1,"minecraft:andesite":11,"minecraft:peony":1,"minecraft:gold_block":1,"minecraft:deepslate_iron_ore":1,"minecraft:vine":3,"minecraft:stripped_oak_log":1,"minecraft:stone":51,"minecraft:scaffolding":1,"luminousworld:savannah_soil":16,"minecraft:flowering_azalea":2,"minecraft:glass_pane":2,"minecraft:crafting_table":11,"undead_revamp2:bostrokestone":5,"minecraft:rose_bush":3,"minecraft:sculk_sensor":4,"undead_revamp2:blacpetalblock":1,"quark:glow_shroom_block":10,"minecraft:tall_grass":6,"minecraft:lily_pad":2,"minecraft:diorite":5,"supplementaries:urn":15,"naturalist:duckweed":1,"minecraft:birch_leaves":3,"minecraft:coal_ore":21,"luminousworld:ishstone":4,"quark:monster_box":1,"minecraft:cobweb":13,"minecraft:terracotta":8,"minecraft:small_dripleaf":2,"minecraft:mossy_stone_bricks":1,"minecraft:fern":1}},"DataVersion":3465}