{"stats":{"minecraft:mined":{"minecraft:oak_log":3,"luminousworld:decorative_brown_2":1,"minecraft:black_bed":1},"minecraft:killed":{"born_in_chaos_v1:decrepit_skeleton":1},"minecraft:used":{"luminousworld:decorative_brown_2":1,"minecraft:oak_button":1,"alexsmobs:animal_dictionary":1},"minecraft:killed_by":{"minecraft:witch":1},"minecraft:custom":{"minecraft:open_chest":12,"minecraft:time_since_rest":24343,"minecraft:interact_with_furnace":1,"minecraft:crouch_one_cm":88,"minecraft:deaths":1,"minecraft:sprint_one_cm":94321,"minecraft:play_time":34321,"tombstone:undead_killed":1,"minecraft:damage_taken":235,"minecraft:walk_one_cm":78455,"minecraft:sneak_time":125,"minecraft:walk_under_water_one_cm":4581,"minecraft:mob_kills":1,"minecraft:jump":494,"minecraft:damage_dealt":153,"minecraft:leave_game":1,"minecraft:walk_on_water_one_cm":9274,"minecraft:time_since_death":24877,"minecraft:climb_one_cm":3563,"minecraft:total_world_time":34321,"minecraft:interact_with_crafting_table":1,"minecraft:tune_noteblock":65,"minecraft:swim_one_cm":1334,"minecraft:fall_one_cm":6838,"minecraft:fly_one_cm":258266},"minecraft:picked_up":{"luminousworld:decorative_brown_2":1,"minecraft:bone":1,"minecraft:black_bed":1,"minecraft:oak_log":3,"tombstone:grave_dust":2}},"DataVersion":3465}