{"stats":{"minecraft:mined":{"luminousworld:decorative_brown_2":1},"minecraft:killed":{"born_in_chaos_v1:decrepit_skeleton":1},"minecraft:used":{"luminousworld:decorative_brown_2":1,"alexsmobs:animal_dictionary":1},"minecraft:killed_by":{"minecraft:witch":1},"minecraft:custom":{"minecraft:open_chest":11,"minecraft:time_since_rest":12343,"minecraft:crouch_one_cm":88,"minecraft:deaths":1,"minecraft:sprint_one_cm":79634,"minecraft:play_time":22321,"tombstone:undead_killed":1,"minecraft:damage_taken":235,"minecraft:walk_one_cm":59315,"minecraft:sneak_time":39,"minecraft:walk_under_water_one_cm":4581,"minecraft:mob_kills":1,"minecraft:jump":440,"minecraft:damage_dealt":153,"minecraft:leave_game":1,"minecraft:walk_on_water_one_cm":9274,"minecraft:time_since_death":12877,"minecraft:total_world_time":22321,"minecraft:swim_one_cm":1334,"minecraft:fall_one_cm":6418,"minecraft:fly_one_cm":207649},"minecraft:picked_up":{"luminousworld:decorative_brown_2":1,"minecraft:bone":1,"tombstone:grave_dust":2}},"DataVersion":3465}