{"stats":{"minecraft:mined":{"iceandfire:graveyard_soil":2,"iceandfire:silver_ore":8,"minecraft:crafting_table":3,"minecraft:torch":2,"minecraft:ladder":2,"minecraft:grass_block":2,"minecraft:rose_bush":2,"luminousworld:grassvariant_2":2,"minecraft:cobblestone":8,"minecraft:red_glazed_terracotta":2,"minecraft:wall_torch":6,"minecraft:spawner":3,"minecraft:beehive":1,"minecraft:black_bed":1,"minecraft:stone_brick_stairs":1,"minecraft:grass":9,"minecraft:oak_log":14,"minecraft:coal_ore":6,"minecraft:dirt":4,"luminousworld:grassvariant_3":2,"minecraft:cobweb":2,"minecraft:polished_andesite":1,"minecraft:cracked_stone_bricks":2,"minecraft:terracotta":8,"luminousworld:decorative_brown_2":1,"minecraft:stone":5,"minecraft:stone_bricks":1,"minecraft:oak_leaves":4},"minecraft:custom":{"minecraft:interact_with_furnace":7,"minecraft:mob_kills":28,"tombstone:raider_killed":1,"minecraft:interact_with_crafting_table":8,"minecraft:tune_noteblock":65,"minecraft:open_barrel":7,"minecraft:leave_game":2,"minecraft:time_since_death":3012,"minecraft:sleep_in_bed":1,"minecraft:climb_one_cm":26138,"minecraft:time_since_rest":2246,"minecraft:sprint_one_cm":236131,"minecraft:damage_taken":5175,"minecraft:walk_one_cm":294517,"minecraft:trigger_trapped_chest":2,"minecraft:drop":22,"minecraft:damage_dealt":8181,"minecraft:swim_one_cm":9263,"minecraft:fly_one_cm":460084,"minecraft:open_chest":15,"minecraft:crouch_one_cm":264,"minecraft:play_time":119139,"tombstone:undead_killed":22,"minecraft:deaths":8,"minecraft:sneak_time":654,"minecraft:walk_under_water_one_cm":17130,"minecraft:jump":1296,"minecraft:walk_on_water_one_cm":50470,"minecraft:total_world_time":119139,"minecraft:fall_one_cm":23332},"minecraft:picked_up":{"minecraft:iron_chestplate":1,"minecraft:crafting_table":3,"minecraft:feather":2,"luminousworld:decorative_brown_2":1,"minecraft:chicken":2,"minecraft:ladder":5,"minecraft:black_bed":1,"minecraft:leather":3,"minecraft:red_glazed_terracotta":2,"minecraft:stone_brick_stairs":2,"minecraft:oak_log":14,"iceandfire:ectoplasm":1,"tombstone:gift":1,"minecraft:dirt":8,"minecraft:string":2,"minecraft:bone":23,"minecraft:apple":2,"minecraft:stone_bricks":5,"iceandfire:graveyard_soil":5,"minecraft:cracked_stone_bricks":10,"minecraft:wheat_seeds":1,"minecraft:beef":3,"minecraft:rose_bush":2,"tombstone:bag_of_seeds":1,"minecraft:iron_nugget":7,"minecraft:egg":2,"minecraft:beehive":2,"minecraft:torch":17,"tombstone:grave_dust":5,"minecraft:polished_andesite":1,"minecraft:bundle":1,"minecraft:arrow":20,"minecraft:rotten_flesh":2,"minecraft:stone_axe":1,"minecraft:emerald":1,"minecraft:oak_button":1,"minecraft:terracotta":10,"minecraft:oak_sapling":2,"minecraft:coal":6,"iceandfire:raw_silver":8,"minecraft:cobblestone":20},"minecraft:crafted":{"minecraft:cooked_beef":3,"minecraft:oak_planks":52,"minecraft:crafting_table":1,"minecraft:wooden_pickaxe":1,"minecraft:cooked_chicken":2,"minecraft:iron_sword":1,"minecraft:air":0,"minecraft:stick":16,"minecraft:iron_pickaxe":1,"minecraft:wooden_axe":1,"minecraft:torch":8},"minecraft:used":{"minecraft:wooden_pickaxe":5,"minecraft:iron_sword":199,"minecraft:red_glazed_terracotta":1,"minecraft:cooked_chicken":2,"minecraft:torch":11,"luminousworld:decorative_brown_2":1,"minecraft:dirt":5,"minecraft:terracotta":6,"minecraft:crafting_table":3,"illagerinvasion:lost_candle":4,"minecraft:black_bed":1,"minecraft:beehive":1,"tombstone:bag_of_seeds":1,"minecraft:oak_log":1,"minecraft:wooden_axe":32,"minecraft:apple":2,"minecraft:iron_axe":9,"minecraft:oak_button":1,"minecraft:iron_pickaxe":46,"minecraft:cobblestone":6,"alexsmobs:animal_dictionary":1,"tombstone:gift":2,"minecraft:cooked_beef":27},"minecraft:dropped":{"minecraft:red_glazed_terracotta":1,"minecraft:rotten_flesh":1,"minecraft:cobblestone":7,"minecraft:beehive":1,"minecraft:cracked_stone_bricks":6,"iceandfire:graveyard_soil":4,"minecraft:dirt":2,"minecraft:oak_button":1,"minecraft:iron_chestplate":1,"minecraft:ladder":1,"minecraft:stone_bricks":4,"minecraft:string":1,"minecraft:stone_brick_stairs":1,"minecraft:terracotta":4},"minecraft:killed":{"earthmobsmod:cream_cow":2,"illagerinvasion:basher":1,"born_in_chaos_v1:decrepit_skeleton":1,"minecraft:skeleton":17,"iceandfire:ghost":3,"minecraft:chicken":2,"undead_revamp2:sucker":1},"minecraft:killed_by":{"illagerinvasion:basher":1,"minecraft:skeleton":2,"minecraft:witch":2,"undead_revamp2:thehorrors":1}},"DataVersion":3465}