{"stats":{"minecraft:broken":{"minecraft:wooden_sword":1},"minecraft:mined":{"minecraft:glass_pane":2,"minecraft:potted_brown_mushroom":1,"minecraft:crafting_table":2,"minecraft:torch":1,"undead_revamp2:blacpetalblock":1,"minecraft:slime_block":1,"minecraft:lily_pad":2,"minecraft:wall_torch":5,"minecraft:spawner":4,"minecraft:seagrass":1,"minecraft:tall_seagrass":1,"minecraft:fire":1,"naturalist:duckweed":1,"minecraft:mud":1,"minecraft:birch_log":4,"minecraft:moss_carpet":3,"minecraft:tnt":2,"minecraft:anvil":1,"minecraft:grass":3,"minecraft:vine":1,"minecraft:sand":1,"minecraft:mossy_stone_bricks":1,"minecraft:oak_leaves":2},"minecraft:custom":{"minecraft:interact_with_furnace":7,"minecraft:interact_with_anvil":1,"minecraft:mob_kills":75,"tombstone:raider_killed":9,"minecraft:interact_with_crafting_table":3,"minecraft:open_barrel":7,"minecraft:damage_dealt_resisted":50,"minecraft:time_since_death":3987,"minecraft:sleep_in_bed":1,"minecraft:climb_one_cm":12766,"minecraft:time_since_rest":3534,"minecraft:sprint_one_cm":173330,"minecraft:open_enderchest":5,"minecraft:damage_taken":5404,"minecraft:walk_one_cm":353063,"minecraft:damage_blocked_by_shield":1420,"minecraft:drop":6,"minecraft:damage_dealt":12297,"minecraft:play_noteblock":1,"minecraft:swim_one_cm":14119,"minecraft:talked_to_villager":2,"minecraft:fly_one_cm":139662,"minecraft:open_chest":35,"minecraft:crouch_one_cm":490,"minecraft:play_time":154181,"tombstone:undead_killed":47,"minecraft:deaths":13,"minecraft:sneak_time":508,"minecraft:walk_under_water_one_cm":5460,"minecraft:jump":633,"minecraft:walk_on_water_one_cm":24018,"minecraft:total_world_time":154181,"minecraft:fall_one_cm":7625,"minecraft:inspect_dispenser":2},"minecraft:crafted":{"naturalist:cooked_catfish":3,"minecraft:wooden_sword":1,"aether:iron_ring":2,"minecraft:diamond_sword":1,"minecraft:crafting_table":1,"minecraft:wooden_pickaxe":1,"minecraft:iron_sword":1,"minecraft:birch_planks":16,"naturalist:cooked_bass":3,"minecraft:air":0,"minecraft:diamond_helmet":1,"minecraft:diamond_leggings":1,"minecraft:diamond_pickaxe":1,"minecraft:stick":8,"minecraft:iron_pickaxe":1,"minecraft:wooden_axe":1,"aether:diamond_gloves":1,"minecraft:diamond_boots":1,"aether:iron_pendant":1,"minecraft:diamond_chestplate":1},"minecraft:picked_up":{"minecraft:birch_log":4,"minecraft:mud":1,"born_in_chaos_v1:corpse_maggot":5,"minecraft:crafting_table":2,"minecraft:feather":2,"minecraft:chainmail_boots":1,"iceandfire:witherbone":1,"minecraft:anvil":1,"minecraft:flower_pot":1,"minecraft:turtle_helmet":2,"minecraft:diamond_sword":2,"minecraft:brown_mushroom":1,"friendsandfoes:totem_of_illusion":1,"minecraft:chainmail_chestplate":1,"minecraft:lily_pad":2,"minecraft:paper":1,"minecraft:moss_carpet":2,"minecraft:armor_stand":1,"naturalist:bass":3,"minecraft:compass":1,"minecraft:bone":12,"undead_revamp2:blacpetalblock":2,"minecraft:iron_ingot":2,"tombstone:bag_of_seeds":1,"minecraft:ender_eye":2,"minecraft:mossy_stone_bricks":1,"minecraft:iron_nugget":8,"naturalist:catfish":3,"ecologics:coconut_slice":2,"minecraft:copper_ingot":1,"minecraft:torch":6,"minecraft:sand":1,"tombstone:grave_dust":9,"minecraft:tnt":2,"minecraft:arrow":11,"minecraft:rotten_flesh":67,"minecraft:slime_block":1,"minecraft:polished_blackstone_button":2,"minecraft:chainmail_leggings":1,"minecraft:golden_apple":1,"minecraft:emerald":4,"minecraft:coal":1},"minecraft:used":{"undead_revamp2:blacpetalblock":1,"naturalist:cooked_catfish":3,"minecraft:shield":17,"minecraft:wooden_pickaxe":3,"minecraft:iron_sword":124,"minecraft:torch":7,"minecraft:crafting_table":3,"minecraft:carrot":11,"naturalist:cooked_bass":3,"minecraft:black_bed":1,"minecraft:wooden_axe":2,"minecraft:diamond_pickaxe":5,"friendsandfoes:totem_of_illusion":1,"minecraft:iron_pickaxe":10,"minecraft:diamond_sword":139,"ecologics:coconut_slice":2,"minecraft:wooden_sword":72,"minecraft:cobblestone":99,"minecraft:furnace":1,"tombstone:gift":3,"alexsmobs:animal_dictionary":1,"minecraft:cooked_beef":13,"minecraft:splash_potion":2},"minecraft:dropped":{"minecraft:polished_blackstone_button":1,"minecraft:chainmail_chestplate":1,"minecraft:turtle_helmet":1,"minecraft:chainmail_boots":1,"minecraft:chainmail_leggings":1,"minecraft:lily_pad":1},"minecraft:killed":{"illagerinvasion:archivist":1,"minecraft:witch":1,"undead_revamp2:the_moonflower":1,"minecraft:vindicator":2,"illagerinvasion:basher":2,"born_in_chaos_v1:decrepit_skeleton":1,"born_in_chaos_v1:maggot":7,"minecraft:skeleton":7,"luminousworld:swamp_skeleton":1,"minecraft:zombie":31,"naturalist:catfish":3,"luminousworld:swamp_zombie":2,"born_in_chaos_v1:corpse_fly":1,"enemyexpansion:botfly":2,"naturalist:bass":4,"illagerinvasion:provoker":2,"minecraft:illusioner":1,"naturalist:cardinal":1,"minecraft:wither_skeleton":4},"minecraft:killed_by":{"undead_revamp2:therod":1,"minecraft:skeleton":2,"minecraft:zombie":8,"illagerinvasion:provoker":1,"minecraft:illusioner":1}},"DataVersion":3465}