{"stats":{"minecraft:mined":{"iceandfire:graveyard_soil":2,"iceandfire:silver_ore":8,"minecraft:crafting_table":3,"minecraft:torch":1,"minecraft:grass_block":2,"minecraft:rose_bush":2,"luminousworld:grassvariant_2":2,"minecraft:cobblestone":8,"minecraft:red_glazed_terracotta":2,"minecraft:wall_torch":5,"minecraft:spawner":3,"minecraft:beehive":1,"minecraft:black_bed":1,"minecraft:grass":9,"minecraft:oak_log":14,"minecraft:coal_ore":6,"minecraft:dirt":4,"luminousworld:grassvariant_3":2,"minecraft:cobweb":1,"minecraft:cracked_stone_bricks":2,"minecraft:terracotta":8,"luminousworld:decorative_brown_2":1,"minecraft:stone":5,"minecraft:stone_bricks":1,"minecraft:oak_leaves":4},"minecraft:custom":{"minecraft:interact_with_furnace":7,"minecraft:mob_kills":26,"tombstone:raider_killed":1,"minecraft:interact_with_crafting_table":8,"minecraft:tune_noteblock":65,"minecraft:leave_game":2,"minecraft:time_since_death":4587,"minecraft:sleep_in_bed":1,"minecraft:climb_one_cm":17233,"minecraft:time_since_rest":3159,"minecraft:sprint_one_cm":204887,"minecraft:damage_taken":3949,"minecraft:walk_one_cm":257211,"minecraft:trigger_trapped_chest":2,"minecraft:drop":17,"minecraft:damage_dealt":6371,"minecraft:swim_one_cm":6261,"minecraft:fly_one_cm":416123,"minecraft:open_chest":15,"minecraft:crouch_one_cm":227,"minecraft:play_time":107139,"tombstone:undead_killed":20,"minecraft:deaths":6,"minecraft:sneak_time":520,"minecraft:walk_under_water_one_cm":10185,"minecraft:jump":1173,"minecraft:walk_on_water_one_cm":39880,"minecraft:total_world_time":107139,"minecraft:fall_one_cm":15363},"minecraft:picked_up":{"minecraft:crafting_table":3,"minecraft:feather":2,"luminousworld:decorative_brown_2":1,"minecraft:chicken":2,"minecraft:black_bed":1,"minecraft:leather":3,"minecraft:red_glazed_terracotta":2,"minecraft:oak_log":14,"iceandfire:ectoplasm":1,"minecraft:dirt":8,"minecraft:string":1,"minecraft:bone":22,"minecraft:apple":2,"minecraft:stone_bricks":5,"iceandfire:graveyard_soil":5,"minecraft:cracked_stone_bricks":10,"minecraft:wheat_seeds":1,"minecraft:beef":3,"minecraft:rose_bush":2,"tombstone:bag_of_seeds":1,"minecraft:iron_nugget":7,"minecraft:egg":2,"minecraft:beehive":2,"minecraft:torch":11,"tombstone:grave_dust":5,"minecraft:bundle":1,"minecraft:arrow":18,"minecraft:stone_axe":1,"minecraft:emerald":1,"minecraft:oak_button":1,"minecraft:terracotta":10,"minecraft:oak_sapling":2,"minecraft:coal":6,"iceandfire:raw_silver":8,"minecraft:cobblestone":20},"minecraft:crafted":{"minecraft:cooked_beef":3,"minecraft:oak_planks":52,"minecraft:crafting_table":1,"minecraft:wooden_pickaxe":1,"minecraft:cooked_chicken":2,"minecraft:iron_sword":1,"minecraft:air":0,"minecraft:stick":12,"minecraft:iron_pickaxe":1,"minecraft:wooden_axe":1,"minecraft:torch":8},"minecraft:used":{"minecraft:wooden_pickaxe":5,"minecraft:iron_sword":158,"minecraft:cooked_chicken":2,"minecraft:torch":9,"luminousworld:decorative_brown_2":1,"minecraft:dirt":5,"minecraft:terracotta":6,"minecraft:crafting_table":3,"illagerinvasion:lost_candle":4,"minecraft:black_bed":1,"minecraft:beehive":1,"tombstone:bag_of_seeds":1,"minecraft:oak_log":1,"minecraft:wooden_axe":32,"minecraft:apple":2,"minecraft:iron_axe":7,"minecraft:oak_button":1,"minecraft:iron_pickaxe":44,"minecraft:cobblestone":6,"alexsmobs:animal_dictionary":1,"tombstone:gift":2,"minecraft:cooked_beef":24},"minecraft:dropped":{"minecraft:red_glazed_terracotta":1,"minecraft:cobblestone":7,"minecraft:beehive":1,"minecraft:cracked_stone_bricks":6,"iceandfire:graveyard_soil":4,"minecraft:dirt":2,"minecraft:oak_button":1,"minecraft:stone_bricks":4,"minecraft:terracotta":4},"minecraft:killed":{"earthmobsmod:cream_cow":2,"illagerinvasion:basher":1,"born_in_chaos_v1:decrepit_skeleton":1,"minecraft:skeleton":16,"iceandfire:ghost":3,"minecraft:chicken":2},"minecraft:killed_by":{"illagerinvasion:basher":1,"minecraft:witch":2,"undead_revamp2:thehorrors":1}},"DataVersion":3465}