{"stats":{"minecraft:mined":{"minecraft:oak_log":4,"luminousworld:decorative_brown_2":1,"minecraft:black_bed":1},"minecraft:crafted":{"minecraft:oak_planks":12,"minecraft:crafting_table":1,"minecraft:stick":4,"minecraft:wooden_pickaxe":1,"minecraft:wooden_axe":1},"minecraft:killed":{"iceandfire:ghost":1,"born_in_chaos_v1:decrepit_skeleton":1},"minecraft:used":{"minecraft:oak_log":1,"luminousworld:decorative_brown_2":1,"minecraft:crafting_table":1,"minecraft:oak_button":1,"alexsmobs:animal_dictionary":1,"minecraft:wooden_axe":5},"minecraft:killed_by":{"minecraft:witch":1},"minecraft:custom":{"minecraft:open_chest":12,"minecraft:time_since_rest":36343,"minecraft:interact_with_furnace":1,"minecraft:crouch_one_cm":88,"minecraft:deaths":1,"minecraft:sprint_one_cm":106411,"minecraft:play_time":46321,"tombstone:undead_killed":2,"minecraft:damage_taken":310,"minecraft:walk_one_cm":96610,"minecraft:sneak_time":170,"minecraft:trigger_trapped_chest":1,"minecraft:walk_under_water_one_cm":4581,"minecraft:mob_kills":2,"minecraft:jump":592,"minecraft:damage_dealt":463,"minecraft:leave_game":1,"minecraft:walk_on_water_one_cm":9279,"minecraft:time_since_death":36877,"minecraft:climb_one_cm":3563,"minecraft:total_world_time":46321,"minecraft:interact_with_crafting_table":2,"minecraft:tune_noteblock":65,"minecraft:swim_one_cm":1334,"minecraft:fall_one_cm":7256,"minecraft:fly_one_cm":296659},"minecraft:picked_up":{"luminousworld:decorative_brown_2":1,"minecraft:bone":1,"minecraft:black_bed":1,"minecraft:oak_log":4,"tombstone:grave_dust":2}},"DataVersion":3465}