{"stats":{"minecraft:mined":{"luminousworld:decorative_brown_2":1},"minecraft:used":{"alexsmobs:animal_dictionary":1,"luminousworld:decorative_brown_2":1},"minecraft:killed":{"born_in_chaos_v1:decrepit_skeleton":1},"minecraft:killed_by":{"minecraft:witch":1},"minecraft:custom":{"minecraft:jump":241,"minecraft:time_since_rest":343,"minecraft:damage_dealt":153,"minecraft:damage_taken":235,"minecraft:leave_game":1,"minecraft:time_since_death":877,"minecraft:play_time":10321,"minecraft:walk_one_cm":37789,"minecraft:sprint_one_cm":43791,"tombstone:undead_killed":1,"minecraft:deaths":1,"minecraft:sneak_time":3,"minecraft:total_world_time":10321,"minecraft:mob_kills":1,"minecraft:fly_one_cm":41694,"minecraft:fall_one_cm":6418},"minecraft:picked_up":{"luminousworld:decorative_brown_2":1,"minecraft:bone":1,"tombstone:grave_dust":2}},"DataVersion":3465}