{"stats":{"minecraft:crafted":{"naturalist:cooked_catfish":3,"minecraft:wooden_sword":1,"aether:iron_ring":2,"quark:jungle_chest":2,"naturalist:cooked_bass":3,"minecraft:diamond_helmet":2,"minecraft:diamond_leggings":1,"illagerinvasion:platinum_sheet":1,"minecraft:diamond_boots":1,"aether:diamond_gloves":1,"aether:iron_pendant":1,"iceandfire:dragonbone_sword":1,"minecraft:diamond_sword":1,"minecraft:crafting_table":4,"iceandfire:armor_bronze_boots":1,"minecraft:wooden_pickaxe":1,"minecraft:iron_sword":1,"minecraft:birch_planks":16,"minecraft:air":0,"minecraft:jungle_planks":24,"minecraft:diamond_pickaxe":1,"minecraft:stick":8,"minecraft:iron_pickaxe":1,"minecraft:wooden_axe":1,"iceandfire:armor_bronze_leggings":1,"iceandfire:armor_bronze_helmet":1,"minecraft:diamond_chestplate":1},"minecraft:used":{"minecraft:flint_and_steel":1,"undead_revamp2:blacpetalblock":1,"naturalist:cooked_catfish":3,"quark:jungle_chest":2,"minecraft:shield":82,"minecraft:iron_sword":124,"minecraft:torch":8,"born_in_chaos_v1:soul_cutlass":8,"minecraft:carrot":11,"naturalist:cooked_bass":3,"minecraft:obsidian":5,"minecraft:wooden_axe":2,"friendsandfoes:totem_of_illusion":1,"minecraft:iron_axe":16,"minecraft:golden_carrot":18,"minecraft:furnace":1,"tombstone:gift":3,"minecraft:cooked_beef":47,"minecraft:cooked_mutton":1,"minecraft:waxed_oxidized_cut_copper":1,"minecraft:wooden_pickaxe":3,"minecraft:golden_apple":22,"minecraft:glow_berries":2,"minecraft:sand":2,"minecraft:crafting_table":6,"minecraft:crossbow":7,"minecraft:black_bed":7,"endrem:corrupted_eye":1,"minecraft:diamond_pickaxe":39,"minecraft:iron_pickaxe":10,"ecologics:coconut_slice":2,"minecraft:diamond_sword":863,"minecraft:wooden_sword":72,"minecraft:cobblestone":100,"minecraft:potion":1,"alexsmobs:animal_dictionary":1,"minecraft:splash_potion":2},"minecraft:dropped":{"minecraft:iron_sword":1,"minecraft:wheat_seeds":7,"minecraft:crossbow":1,"minecraft:cobblestone":3,"alexsmobs:rattlesnake_rattle":1,"minecraft:polished_blackstone_button":2,"minecraft:golden_apple":15,"born_in_chaos_v1:monster_flesh":3,"minecraft:dirt":14,"illagerinvasion:platinum_chunk":1,"minecraft:stone_button":3,"minecraft:rose_bush":2,"minecraft:sand":3,"minecraft:flowering_azalea":1,"minecraft:chainmail_leggings":1,"minecraft:string":8,"minecraft:birch_log":2,"minecraft:lily_pad":1,"minecraft:gray_carpet":4,"minecraft:cyan_carpet":8,"minecraft:moss_carpet":3,"minecraft:player_head":4,"minecraft:golden_chestplate":1,"alexsmobs:animal_dictionary":1,"minecraft:chainmail_chestplate":1,"luminousworld:yellow_grassflowers":1,"minecraft:turtle_helmet":1,"minecraft:mud_bricks":5,"minecraft:shield":1,"minecraft:peony":1,"minecraft:bundle":1,"born_in_chaos_v1:corpse_maggot":3,"minecraft:oak_sapling":2,"minecraft:chainmail_boots":1,"iceandfire:deathworm_chitin_white":5,"minecraft:arrow":29,"minecraft:crying_obsidian":1,"minecraft:magma_block":2,"minecraft:splash_potion":1,"minecraft:netherrack":1},"minecraft:killed_by":{"minecraft:husk":1,"mutantmonsters:mutant_creeper":1,"undead_revamp2:therod":1,"minecraft:skeleton":4,"minecraft:zombie":9,"illagerinvasion:provoker":1,"minecraft:illusioner":1},"minecraft:killed":{"illagerinvasion:archivist":1,"born_in_chaos_v1:mr_pumpkin":5,"minecraft:witch":1,"born_in_chaos_v1:zombie_lumberjack":1,"born_in_chaos_v1:sir_the_headless":1,"enemyexpansion:equestrian":1,"minecraft:vindicator":5,"undead_revamp2:thesmoker":3,"alexsmobs:rattlesnake":2,"born_in_chaos_v1:zombie_bruiser":1,"illagerinvasion:basher":2,"born_in_chaos_v1:maggot":23,"born_in_chaos_v1:pumpkinhead":1,"minecraft:skeleton":35,"luminousworld:swamp_skeleton":8,"iceandfire:fire_dragon":1,"naturalist:bass":4,"illagerinvasion:provoker":2,"minecraft:illusioner":1,"naturalist:cardinal":1,"iceandfire:deathworm":1,"born_in_chaos_v1:firelight_not_despawn":1,"born_in_chaos_v1:felsteed":1,"minecraft:husk":13,"minecraft:pig":1,"takesapillage:skirmisher":1,"undead_revamp2:the_moonflower":3,"luminousworld:littlewood":1,"born_in_chaos_v1:dread_hound_not_despawn":3,"earthmobsmod:cream_cow":1,"minecraft:ravager":8,"born_in_chaos_v1:decrepit_skeleton":1,"alexsmobs:catfish":1,"minecraft:pillager":6,"enemyexpansion:meature":1,"naturalist:catfish":3,"minecraft:zombie":69,"luminousworld:swamp_zombie":10,"born_in_chaos_v1:corpse_fly":1,"enemyexpansion:botfly":5,"mutantmonsters:mutant_creeper":1,"minecraft:wither_skeleton":6,"takesapillage:archer":5,"minecraft:blaze":23,"enemyexpansion:slugger":1},"minecraft:picked_up":{"minecraft:mud":1,"minecraft:waxed_oxidized_cut_copper":17,"minecraft:crafting_table":2,"minecraft:wheat":7,"minecraft:chainmail_boots":2,"illagerinvasion:platinum_chunk":5,"iceandfire:witherbone":2,"minecraft:flower_pot":1,"minecraft:anvil":1,"minecraft:turtle_helmet":2,"minecraft:brown_mushroom":1,"minecraft:diamond_sword":10,"friendsandfoes:totem_of_illusion":1,"minecraft:gold_block":1,"minecraft:enchanted_book":1,"minecraft:shield":1,"born_in_chaos_v1:holiday_candy":25,"minecraft:string":5,"minecraft:moss_carpet":2,"minecraft:armor_stand":1,"minecraft:compass":1,"minecraft:experience_bottle":1,"takesapillage:ravager_horn":7,"minecraft:cyan_carpet":8,"minecraft:spruce_planks":23,"minecraft:beef":1,"minecraft:iron_pickaxe":1,"minecraft:rose_bush":2,"minecraft:player_head":4,"minecraft:ender_eye":4,"minecraft:iron_nugget":8,"naturalist:catfish":3,"minecraft:melon_slice":17,"iceandfire:dragonbone":9,"minecraft:stick":3,"ecologics:coconut_slice":2,"minecraft:copper_ingot":1,"minecraft:torch":6,"minecraft:porkchop":1,"minecraft:stone_button":3,"tombstone:grave_dust":30,"iceandfire:deathworm_chitin_white":5,"minecraft:golden_chestplate":1,"luminousworld:grassflowers":1,"minecraft:tnt":2,"minecraft:rotten_flesh":142,"minecraft:arrow":58,"minecraft:diamond_chestplate":1,"luminousworld:yellow_grassflowers":1,"minecraft:peony":1,"iceandfire:fire_dragon_heart":1,"supplementaries:ash":12,"minecraft:blaze_rod":8,"minecraft:obsidian":3,"minecraft:cobblestone":3,"minecraft:birch_log":6,"born_in_chaos_v1:pumpkin_staff":1,"born_in_chaos_v1:corpse_maggot":10,"minecraft:magma_block":2,"minecraft:mud_bricks":5,"minecraft:feather":2,"minecraft:cooked_beef":3,"born_in_chaos_v1:monster_flesh":3,"minecraft:jungle_log":6,"minecraft:black_bed":2,"minecraft:leather":1,"minecraft:oak_log":1,"minecraft:chainmail_chestplate":1,"minecraft:lily_pad":2,"iceandfire:dragonscales_bronze":23,"minecraft:paper":1,"minecraft:dirt":21,"tombstone:gift":1,"born_in_chaos_v1:monster_skin":2,"minecraft:cooked_mutton":1,"naturalist:bass":3,"minecraft:bone":56,"born_in_chaos_v1:soul_cutlass":1,"minecraft:gray_carpet":4,"undead_revamp2:blacpetalblock":2,"minecraft:bow":1,"minecraft:wheat_seeds":7,"minecraft:iron_ingot":3,"tombstone:bag_of_seeds":1,"minecraft:mossy_stone_bricks":1,"iceandfire:fire_dragon_flesh":3,"minecraft:iron_sword":1,"minecraft:flowering_azalea":2,"luminousworld:sunset_petunias":1,"minecraft:sand":6,"minecraft:crying_obsidian":1,"alexsmobs:animal_dictionary":1,"minecraft:bundle":4,"alexsmobs:raw_catfish":3,"minecraft:slime_ball":5,"minecraft:diamond":6,"alexsmobs:rattlesnake_rattle":1,"minecraft:slime_block":1,"luminousworld:yellowpetunias":5,"minecraft:gray_banner":1,"minecraft:polished_blackstone_button":3,"minecraft:chainmail_leggings":2,"minecraft:crossbow":1,"minecraft:oak_sapling":2,"minecraft:golden_apple":1,"minecraft:chainmail_helmet":2,"minecraft:emerald":7,"tombstone:magic_scroll":1,"minecraft:netherrack":1,"minecraft:coal":1},"minecraft:broken":{"minecraft:diamond_helmet":1,"minecraft:diamond_boots":1,"minecraft:wooden_sword":1},"minecraft:custom":{"minecraft:interact_with_anvil":1,"minecraft:mob_kills":272,"minecraft:interact_with_crafting_table":10,"minecraft:open_barrel":43,"minecraft:damage_dealt_resisted":2656,"minecraft:leave_game":3,"minecraft:time_since_death":41338,"minecraft:climb_one_cm":28542,"minecraft:sprint_one_cm":671232,"minecraft:walk_one_cm":1190067,"minecraft:damage_blocked_by_shield":3685,"minecraft:drop":68,"minecraft:play_noteblock":1,"minecraft:talked_to_villager":2,"minecraft:play_time":395931,"minecraft:sneak_time":1358,"minecraft:deaths":23,"minecraft:walk_under_water_one_cm":11874,"minecraft:jump":2874,"minecraft:interact_with_blast_furnace":2,"minecraft:walk_on_water_one_cm":37831,"minecraft:total_world_time":395931,"minecraft:interact_with_furnace":7,"tombstone:raider_killed":32,"minecraft:tune_noteblock":1,"minecraft:sleep_in_bed":10,"minecraft:time_since_rest":3919,"minecraft:open_enderchest":8,"minecraft:damage_taken":13921,"minecraft:damage_absorbed":698,"minecraft:damage_dealt":59003,"minecraft:swim_one_cm":24694,"minecraft:fly_one_cm":796051,"minecraft:open_chest":90,"minecraft:crouch_one_cm":1031,"tombstone:undead_killed":153,"minecraft:interact_with_smoker":1,"minecraft:inspect_dispenser":2,"minecraft:fall_one_cm":64632},"minecraft:mined":{"minecraft:crying_obsidian":1,"minecraft:obsidian":3,"minecraft:grass_block":6,"minecraft:jungle_log":6,"luminousworld:grassvariant_2":1,"minecraft:spawner":15,"minecraft:tall_seagrass":1,"luminousworld:sunset_petunias":1,"minecraft:magma_block":2,"minecraft:waxed_oxidized_cut_copper":1,"minecraft:fire":32,"minecraft:moss_carpet":3,"minecraft:anvil":1,"minecraft:peony":1,"minecraft:gold_block":1,"minecraft:vine":2,"minecraft:player_head":1,"minecraft:scaffolding":1,"minecraft:flowering_azalea":2,"minecraft:glass_pane":2,"minecraft:potted_brown_mushroom":1,"minecraft:crafting_table":2,"minecraft:torch":1,"minecraft:melon":4,"minecraft:rose_bush":2,"undead_revamp2:blacpetalblock":1,"minecraft:tall_grass":2,"minecraft:slime_block":1,"minecraft:lily_pad":2,"minecraft:wall_torch":5,"minecraft:seagrass":1,"naturalist:duckweed":1,"minecraft:mud":1,"minecraft:birch_log":4,"minecraft:birch_leaves":3,"minecraft:tnt":2,"minecraft:black_bed":2,"minecraft:grass":18,"minecraft:sand":6,"minecraft:dirt":3,"minecraft:cobweb":1,"born_in_chaos_v1:infernal_evil_pumpkin_s":1,"minecraft:small_dripleaf":2,"minecraft:netherrack":1,"minecraft:mossy_stone_bricks":1,"minecraft:oak_leaves":20,"minecraft:fern":1}},"DataVersion":3465}