{"stats":{"minecraft:broken":{"minecraft:wooden_sword":1},"minecraft:mined":{"minecraft:glass_pane":2,"minecraft:potted_brown_mushroom":1,"minecraft:crafting_table":2,"undead_revamp2:blacpetalblock":1,"minecraft:lily_pad":2,"minecraft:seagrass":1,"minecraft:tall_seagrass":1,"naturalist:duckweed":1,"minecraft:mud":1,"minecraft:birch_log":4,"minecraft:grass":3,"minecraft:vine":1,"minecraft:sand":1,"minecraft:mossy_stone_bricks":1,"minecraft:oak_leaves":2},"minecraft:custom":{"minecraft:interact_with_furnace":7,"minecraft:mob_kills":20,"tombstone:raider_killed":9,"minecraft:interact_with_crafting_table":2,"minecraft:open_barrel":1,"minecraft:time_since_death":27216,"minecraft:sleep_in_bed":1,"minecraft:climb_one_cm":5251,"minecraft:time_since_rest":14550,"minecraft:sprint_one_cm":53079,"minecraft:damage_taken":1405,"minecraft:walk_one_cm":95848,"minecraft:drop":1,"minecraft:damage_dealt":3128,"minecraft:swim_one_cm":14119,"minecraft:talked_to_villager":2,"minecraft:fly_one_cm":74934,"minecraft:open_chest":13,"minecraft:play_time":46181,"tombstone:undead_killed":1,"minecraft:deaths":4,"minecraft:sneak_time":5,"minecraft:walk_under_water_one_cm":4649,"minecraft:jump":289,"minecraft:walk_on_water_one_cm":20333,"minecraft:total_world_time":46181,"minecraft:fall_one_cm":3967},"minecraft:crafted":{"naturalist:cooked_catfish":3,"minecraft:wooden_sword":1,"minecraft:crafting_table":1,"minecraft:wooden_pickaxe":1,"minecraft:iron_sword":1,"minecraft:birch_planks":16,"naturalist:cooked_bass":3,"minecraft:air":0,"minecraft:stick":8,"minecraft:iron_pickaxe":1,"minecraft:wooden_axe":1},"minecraft:picked_up":{"minecraft:birch_log":4,"minecraft:mud":1,"born_in_chaos_v1:corpse_maggot":1,"minecraft:crafting_table":2,"minecraft:feather":2,"minecraft:flower_pot":1,"minecraft:brown_mushroom":1,"friendsandfoes:totem_of_illusion":1,"minecraft:lily_pad":2,"minecraft:paper":1,"naturalist:bass":3,"minecraft:bone":2,"undead_revamp2:blacpetalblock":2,"minecraft:mossy_stone_bricks":1,"minecraft:iron_nugget":8,"naturalist:catfish":3,"ecologics:coconut_slice":2,"minecraft:copper_ingot":1,"minecraft:sand":1,"minecraft:arrow":6,"minecraft:rotten_flesh":10,"minecraft:emerald":4},"minecraft:used":{"undead_revamp2:blacpetalblock":1,"minecraft:wooden_pickaxe":3,"minecraft:iron_sword":14,"minecraft:crafting_table":2,"minecraft:carrot":11,"minecraft:wooden_axe":2,"friendsandfoes:totem_of_illusion":1,"minecraft:iron_pickaxe":3,"ecologics:coconut_slice":2,"minecraft:wooden_sword":72,"minecraft:furnace":1,"tombstone:gift":1,"alexsmobs:animal_dictionary":1},"minecraft:dropped":{"minecraft:lily_pad":1},"minecraft:killed":{"illagerinvasion:archivist":1,"minecraft:witch":1,"minecraft:vindicator":2,"illagerinvasion:basher":2,"born_in_chaos_v1:decrepit_skeleton":1,"naturalist:catfish":3,"born_in_chaos_v1:corpse_fly":1,"naturalist:bass":4,"illagerinvasion:provoker":2,"minecraft:illusioner":1,"naturalist:cardinal":1},"minecraft:killed_by":{"undead_revamp2:therod":1,"minecraft:zombie":1,"illagerinvasion:provoker":1,"minecraft:illusioner":1}},"DataVersion":3465}