{"stats":{"minecraft:broken":{"minecraft:wooden_sword":1},"minecraft:crafted":{"minecraft:wooden_sword":1,"minecraft:crafting_table":1,"minecraft:stick":8,"minecraft:wooden_pickaxe":1,"minecraft:iron_pickaxe":1,"minecraft:wooden_axe":1,"minecraft:iron_sword":1,"minecraft:birch_planks":16},"minecraft:mined":{"minecraft:seagrass":1,"minecraft:glass_pane":2,"naturalist:duckweed":1,"minecraft:mud":1,"minecraft:birch_log":4,"minecraft:crafting_table":2,"minecraft:grass":3,"minecraft:vine":1,"undead_revamp2:blacpetalblock":1,"minecraft:sand":1,"minecraft:mossy_stone_bricks":1,"minecraft:oak_leaves":2},"minecraft:picked_up":{"minecraft:birch_log":4,"born_in_chaos_v1:corpse_maggot":1,"minecraft:mud":1,"minecraft:crafting_table":2,"minecraft:feather":2,"ecologics:coconut_slice":2,"minecraft:copper_ingot":1,"friendsandfoes:totem_of_illusion":1,"minecraft:sand":1,"minecraft:paper":1,"naturalist:bass":3,"minecraft:arrow":6,"minecraft:bone":2,"minecraft:rotten_flesh":10,"undead_revamp2:blacpetalblock":2,"minecraft:iron_nugget":8,"minecraft:emerald":4,"minecraft:mossy_stone_bricks":1,"naturalist:catfish":3},"minecraft:custom":{"minecraft:time_since_rest":2550,"minecraft:sprint_one_cm":48935,"minecraft:damage_taken":1405,"minecraft:walk_one_cm":82206,"minecraft:mob_kills":20,"tombstone:raider_killed":9,"minecraft:damage_dealt":3128,"minecraft:talked_to_villager":2,"minecraft:swim_one_cm":14119,"minecraft:interact_with_crafting_table":2,"minecraft:fly_one_cm":74333,"minecraft:open_barrel":1,"minecraft:open_chest":9,"minecraft:play_time":34181,"minecraft:sneak_time":5,"tombstone:undead_killed":1,"minecraft:deaths":4,"minecraft:walk_under_water_one_cm":2895,"minecraft:jump":277,"minecraft:walk_on_water_one_cm":17255,"minecraft:time_since_death":15216,"minecraft:sleep_in_bed":1,"minecraft:climb_one_cm":5251,"minecraft:total_world_time":34181,"minecraft:fall_one_cm":3967},"minecraft:used":{"minecraft:wooden_axe":2,"friendsandfoes:totem_of_illusion":1,"undead_revamp2:blacpetalblock":1,"minecraft:wooden_pickaxe":3,"minecraft:iron_sword":14,"ecologics:coconut_slice":2,"minecraft:wooden_sword":72,"minecraft:crafting_table":2,"minecraft:carrot":7,"tombstone:gift":1,"alexsmobs:animal_dictionary":1},"minecraft:killed":{"illagerinvasion:archivist":1,"naturalist:catfish":3,"minecraft:witch":1,"born_in_chaos_v1:corpse_fly":1,"naturalist:bass":4,"illagerinvasion:provoker":2,"minecraft:illusioner":1,"minecraft:vindicator":2,"naturalist:cardinal":1,"illagerinvasion:basher":2,"born_in_chaos_v1:decrepit_skeleton":1},"minecraft:killed_by":{"undead_revamp2:therod":1,"illagerinvasion:provoker":1,"minecraft:zombie":1,"minecraft:illusioner":1}},"DataVersion":3465}