{"stats":{"minecraft:broken":{"minecraft:wooden_sword":1},"minecraft:mined":{"minecraft:spawner":10,"minecraft:tall_seagrass":1,"minecraft:fire":1,"minecraft:moss_carpet":3,"minecraft:anvil":1,"minecraft:peony":1,"minecraft:vine":1,"minecraft:scaffolding":1,"minecraft:flowering_azalea":2,"minecraft:potted_brown_mushroom":1,"minecraft:glass_pane":2,"minecraft:crafting_table":2,"minecraft:torch":1,"minecraft:rose_bush":2,"undead_revamp2:blacpetalblock":1,"minecraft:slime_block":1,"minecraft:lily_pad":2,"minecraft:wall_torch":5,"minecraft:seagrass":1,"naturalist:duckweed":1,"minecraft:mud":1,"minecraft:birch_log":4,"minecraft:black_bed":1,"minecraft:tnt":2,"minecraft:grass":3,"minecraft:sand":1,"minecraft:cobweb":1,"minecraft:small_dripleaf":2,"minecraft:mossy_stone_bricks":1,"minecraft:oak_leaves":2},"minecraft:custom":{"minecraft:mob_kills":119,"minecraft:interact_with_anvil":1,"minecraft:interact_with_crafting_table":3,"minecraft:open_barrel":21,"minecraft:damage_dealt_resisted":1011,"minecraft:time_since_death":1665,"minecraft:climb_one_cm":17253,"minecraft:sprint_one_cm":284581,"minecraft:walk_one_cm":551246,"minecraft:damage_blocked_by_shield":2085,"minecraft:drop":12,"minecraft:play_noteblock":1,"minecraft:talked_to_villager":2,"minecraft:play_time":190181,"minecraft:sneak_time":547,"minecraft:deaths":16,"minecraft:walk_under_water_one_cm":5813,"minecraft:jump":862,"minecraft:interact_with_blast_furnace":2,"minecraft:walk_on_water_one_cm":25104,"minecraft:total_world_time":190181,"minecraft:interact_with_furnace":7,"tombstone:raider_killed":9,"minecraft:sleep_in_bed":4,"minecraft:time_since_rest":1041,"minecraft:open_enderchest":5,"minecraft:damage_taken":6992,"minecraft:damage_dealt":20351,"minecraft:swim_one_cm":14119,"minecraft:fly_one_cm":199540,"minecraft:open_chest":54,"minecraft:crouch_one_cm":667,"tombstone:undead_killed":75,"minecraft:fall_one_cm":14323,"minecraft:inspect_dispenser":2},"minecraft:picked_up":{"minecraft:mud":1,"minecraft:crafting_table":2,"minecraft:chainmail_boots":1,"iceandfire:witherbone":2,"minecraft:flower_pot":1,"minecraft:anvil":1,"minecraft:turtle_helmet":2,"minecraft:brown_mushroom":1,"minecraft:diamond_sword":2,"friendsandfoes:totem_of_illusion":1,"minecraft:string":1,"minecraft:moss_carpet":2,"minecraft:compass":1,"minecraft:armor_stand":1,"minecraft:rose_bush":2,"minecraft:ender_eye":2,"minecraft:iron_nugget":8,"naturalist:catfish":3,"ecologics:coconut_slice":2,"minecraft:copper_ingot":1,"minecraft:torch":6,"tombstone:grave_dust":19,"minecraft:tnt":2,"minecraft:rotten_flesh":86,"minecraft:arrow":23,"minecraft:diamond_chestplate":1,"minecraft:peony":1,"minecraft:birch_log":4,"born_in_chaos_v1:corpse_maggot":8,"minecraft:feather":2,"minecraft:black_bed":1,"minecraft:chainmail_chestplate":1,"minecraft:lily_pad":2,"minecraft:paper":1,"naturalist:bass":3,"minecraft:bone":27,"undead_revamp2:blacpetalblock":2,"minecraft:iron_ingot":3,"tombstone:bag_of_seeds":1,"minecraft:mossy_stone_bricks":1,"minecraft:flowering_azalea":2,"minecraft:sand":1,"minecraft:bundle":1,"alexsmobs:raw_catfish":3,"minecraft:slime_block":1,"minecraft:gray_banner":1,"minecraft:polished_blackstone_button":3,"minecraft:chainmail_leggings":2,"minecraft:golden_apple":1,"minecraft:emerald":4,"tombstone:magic_scroll":1,"minecraft:coal":1},"minecraft:crafted":{"naturalist:cooked_catfish":3,"minecraft:wooden_sword":1,"aether:iron_ring":2,"naturalist:cooked_bass":3,"minecraft:diamond_helmet":1,"minecraft:diamond_leggings":1,"minecraft:diamond_boots":1,"aether:diamond_gloves":1,"aether:iron_pendant":1,"minecraft:diamond_sword":1,"minecraft:crafting_table":1,"minecraft:wooden_pickaxe":1,"minecraft:iron_sword":1,"minecraft:birch_planks":16,"minecraft:air":0,"minecraft:diamond_pickaxe":1,"minecraft:stick":8,"minecraft:iron_pickaxe":1,"minecraft:wooden_axe":1,"minecraft:diamond_chestplate":1},"minecraft:used":{"undead_revamp2:blacpetalblock":1,"naturalist:cooked_catfish":3,"minecraft:shield":24,"minecraft:iron_sword":124,"minecraft:torch":7,"minecraft:carrot":11,"naturalist:cooked_bass":3,"minecraft:wooden_axe":2,"friendsandfoes:totem_of_illusion":1,"minecraft:iron_axe":1,"minecraft:furnace":1,"tombstone:gift":3,"minecraft:cooked_beef":24,"minecraft:wooden_pickaxe":3,"minecraft:glow_berries":2,"minecraft:crafting_table":3,"minecraft:black_bed":3,"minecraft:diamond_pickaxe":11,"minecraft:iron_pickaxe":10,"ecologics:coconut_slice":2,"minecraft:diamond_sword":268,"minecraft:wooden_sword":72,"minecraft:cobblestone":99,"minecraft:potion":1,"alexsmobs:animal_dictionary":1,"minecraft:splash_potion":2},"minecraft:dropped":{"minecraft:polished_blackstone_button":2,"minecraft:rose_bush":2,"minecraft:flowering_azalea":1,"minecraft:chainmail_leggings":1,"minecraft:lily_pad":1,"minecraft:moss_carpet":3,"minecraft:chainmail_chestplate":1,"minecraft:turtle_helmet":1,"minecraft:peony":1,"born_in_chaos_v1:corpse_maggot":3,"minecraft:chainmail_boots":1},"minecraft:killed":{"illagerinvasion:archivist":1,"minecraft:witch":1,"minecraft:vindicator":2,"born_in_chaos_v1:zombie_bruiser":1,"illagerinvasion:basher":2,"born_in_chaos_v1:maggot":16,"minecraft:skeleton":14,"luminousworld:swamp_skeleton":5,"naturalist:bass":4,"illagerinvasion:provoker":2,"minecraft:illusioner":1,"naturalist:cardinal":1,"undead_revamp2:the_moonflower":1,"luminousworld:littlewood":1,"born_in_chaos_v1:decrepit_skeleton":1,"alexsmobs:catfish":1,"naturalist:catfish":3,"minecraft:zombie":40,"luminousworld:swamp_zombie":7,"born_in_chaos_v1:corpse_fly":1,"enemyexpansion:botfly":3,"minecraft:wither_skeleton":6},"minecraft:killed_by":{"undead_revamp2:therod":1,"minecraft:skeleton":3,"minecraft:zombie":8,"illagerinvasion:provoker":1,"minecraft:illusioner":1}},"DataVersion":3465}