{"stats":{"minecraft:broken":{"minecraft:iron_sword":1},"minecraft:mined":{"iceandfire:graveyard_soil":2,"iceandfire:silver_ore":8,"minecraft:crafting_table":4,"minecraft:torch":2,"minecraft:ladder":2,"minecraft:grass_block":2,"minecraft:rose_bush":2,"luminousworld:grassvariant_2":2,"minecraft:cobblestone":8,"minecraft:red_glazed_terracotta":2,"minecraft:wall_torch":6,"minecraft:spawner":4,"minecraft:beehive":1,"minecraft:fire":1,"minecraft:black_bed":1,"minecraft:stone_brick_stairs":1,"minecraft:grass":9,"minecraft:oak_log":14,"minecraft:coal_ore":6,"minecraft:dirt":4,"luminousworld:grassvariant_3":2,"minecraft:cobweb":2,"minecraft:polished_andesite":1,"minecraft:cracked_stone_bricks":2,"minecraft:terracotta":8,"luminousworld:decorative_brown_2":1,"minecraft:stone":5,"minecraft:stone_bricks":1,"minecraft:oak_leaves":4},"minecraft:custom":{"minecraft:interact_with_furnace":7,"minecraft:mob_kills":38,"tombstone:raider_killed":4,"minecraft:interact_with_crafting_table":9,"minecraft:tune_noteblock":65,"minecraft:open_barrel":10,"minecraft:leave_game":2,"minecraft:time_since_death":15012,"minecraft:sleep_in_bed":2,"minecraft:climb_one_cm":27612,"minecraft:time_since_rest":8220,"minecraft:sprint_one_cm":254392,"minecraft:damage_taken":6112,"minecraft:walk_one_cm":359927,"minecraft:trigger_trapped_chest":2,"minecraft:drop":32,"minecraft:damage_dealt":12145,"minecraft:swim_one_cm":9263,"minecraft:fly_one_cm":472832,"minecraft:open_chest":22,"minecraft:crouch_one_cm":264,"minecraft:play_time":131139,"tombstone:undead_killed":30,"minecraft:deaths":8,"minecraft:sneak_time":654,"minecraft:walk_under_water_one_cm":17130,"minecraft:jump":1343,"minecraft:walk_on_water_one_cm":50470,"minecraft:total_world_time":131139,"minecraft:fall_one_cm":25616},"minecraft:picked_up":{"minecraft:iron_chestplate":1,"minecraft:crafting_table":4,"minecraft:feather":2,"luminousworld:decorative_brown_2":1,"minecraft:chicken":2,"minecraft:ladder":5,"minecraft:black_bed":1,"minecraft:leather":3,"minecraft:red_glazed_terracotta":2,"minecraft:stone_brick_stairs":3,"minecraft:oak_log":14,"iceandfire:ectoplasm":1,"tombstone:gift":1,"minecraft:dirt":8,"minecraft:string":2,"minecraft:bone":26,"minecraft:apple":2,"minecraft:stone_bricks":5,"iceandfire:graveyard_soil":5,"minecraft:cracked_stone_bricks":10,"minecraft:wheat_seeds":1,"minecraft:beef":3,"minecraft:rose_bush":3,"tombstone:bag_of_seeds":1,"minecraft:iron_nugget":7,"minecraft:spruce_trapdoor":2,"minecraft:egg":2,"enemyexpansion:phantom_eye":1,"minecraft:beehive":2,"minecraft:torch":17,"tombstone:grave_dust":6,"minecraft:polished_andesite":3,"minecraft:bundle":1,"minecraft:arrow":21,"minecraft:rotten_flesh":4,"minecraft:stone_axe":1,"supplementaries:ash":2,"minecraft:iron_helmet":1,"minecraft:emerald":1,"minecraft:oak_button":1,"minecraft:terracotta":10,"minecraft:oak_sapling":2,"minecraft:coal":6,"iceandfire:raw_silver":8,"minecraft:cobblestone":20},"minecraft:crafted":{"minecraft:cooked_beef":3,"minecraft:oak_planks":52,"minecraft:crafting_table":1,"minecraft:wooden_pickaxe":1,"minecraft:cooked_chicken":2,"minecraft:iron_sword":2,"minecraft:air":0,"minecraft:stick":20,"minecraft:iron_pickaxe":1,"minecraft:wooden_axe":1,"minecraft:torch":8},"minecraft:used":{"minecraft:wooden_pickaxe":5,"minecraft:iron_sword":284,"minecraft:red_glazed_terracotta":1,"minecraft:cooked_chicken":2,"minecraft:torch":11,"luminousworld:decorative_brown_2":1,"minecraft:dirt":5,"minecraft:terracotta":6,"minecraft:crafting_table":4,"illagerinvasion:lost_candle":4,"minecraft:black_bed":1,"minecraft:beehive":1,"tombstone:bag_of_seeds":1,"minecraft:oak_log":1,"minecraft:wooden_axe":32,"minecraft:apple":2,"minecraft:iron_axe":10,"minecraft:oak_button":1,"minecraft:iron_pickaxe":47,"minecraft:cobblestone":6,"alexsmobs:animal_dictionary":1,"tombstone:gift":2,"minecraft:cooked_beef":36},"minecraft:dropped":{"minecraft:red_glazed_terracotta":1,"minecraft:iron_helmet":1,"minecraft:rotten_flesh":1,"minecraft:cobblestone":7,"minecraft:beehive":1,"minecraft:cracked_stone_bricks":6,"minecraft:stick":3,"iceandfire:graveyard_soil":4,"minecraft:polished_andesite":2,"minecraft:dirt":2,"minecraft:oak_button":1,"minecraft:spruce_trapdoor":2,"minecraft:iron_chestplate":1,"minecraft:rose_bush":1,"minecraft:ladder":2,"minecraft:stone_bricks":4,"minecraft:string":1,"minecraft:stone_brick_stairs":3,"minecraft:terracotta":4},"minecraft:killed":{"earthmobsmod:cream_cow":2,"minecraft:phantom":3,"illagerinvasion:basher":1,"born_in_chaos_v1:decrepit_skeleton":1,"minecraft:skeleton":22,"iceandfire:ghost":3,"minecraft:chicken":2,"undead_revamp2:sucker":1},"minecraft:killed_by":{"illagerinvasion:basher":1,"minecraft:skeleton":2,"minecraft:witch":2,"undead_revamp2:thehorrors":1}},"DataVersion":3465}