{"stats":{"minecraft:mined":{"iceandfire:graveyard_soil":2,"iceandfire:silver_ore":1,"minecraft:crafting_table":3,"minecraft:grass_block":1,"luminousworld:grassvariant_2":2,"minecraft:cobblestone":6,"minecraft:black_bed":1,"minecraft:grass":9,"minecraft:oak_log":8,"luminousworld:grassvariant_3":2,"minecraft:cobweb":1,"minecraft:cracked_stone_bricks":2,"luminousworld:decorative_brown_2":1,"minecraft:stone":1,"minecraft:stone_bricks":1,"minecraft:oak_leaves":4},"minecraft:crafted":{"minecraft:cooked_beef":3,"minecraft:oak_planks":28,"minecraft:crafting_table":1,"minecraft:wooden_pickaxe":1,"minecraft:cooked_chicken":2,"minecraft:iron_sword":1,"minecraft:air":0,"minecraft:stick":8,"minecraft:iron_pickaxe":1,"minecraft:wooden_axe":1,"minecraft:torch":4},"minecraft:killed":{"earthmobsmod:cream_cow":2,"illagerinvasion:basher":1,"born_in_chaos_v1:decrepit_skeleton":1,"iceandfire:ghost":3,"minecraft:chicken":2},"minecraft:used":{"minecraft:wooden_pickaxe":5,"minecraft:iron_sword":19,"minecraft:cooked_chicken":2,"luminousworld:decorative_brown_2":1,"minecraft:crafting_table":3,"minecraft:black_bed":1,"minecraft:oak_log":1,"minecraft:wooden_axe":32,"minecraft:apple":2,"minecraft:oak_button":1,"minecraft:iron_pickaxe":11,"tombstone:gift":1,"alexsmobs:animal_dictionary":1,"minecraft:cooked_beef":2},"minecraft:killed_by":{"illagerinvasion:basher":1,"minecraft:witch":1,"undead_revamp2:thehorrors":1},"minecraft:custom":{"minecraft:interact_with_furnace":7,"minecraft:mob_kills":9,"tombstone:raider_killed":1,"minecraft:interact_with_crafting_table":8,"minecraft:tune_noteblock":65,"minecraft:leave_game":1,"minecraft:time_since_death":15868,"minecraft:sleep_in_bed":1,"minecraft:climb_one_cm":11995,"minecraft:time_since_rest":14826,"minecraft:sprint_one_cm":161122,"minecraft:damage_taken":1345,"minecraft:walk_one_cm":174937,"minecraft:trigger_trapped_chest":2,"minecraft:drop":13,"minecraft:damage_dealt":1719,"minecraft:swim_one_cm":2515,"minecraft:fly_one_cm":364901,"minecraft:open_chest":12,"minecraft:crouch_one_cm":227,"minecraft:play_time":82321,"tombstone:undead_killed":4,"minecraft:deaths":4,"minecraft:sneak_time":287,"minecraft:walk_under_water_one_cm":9040,"minecraft:jump":829,"minecraft:walk_on_water_one_cm":9631,"minecraft:total_world_time":82321,"minecraft:fall_one_cm":10093},"minecraft:picked_up":{"minecraft:crafting_table":3,"minecraft:feather":2,"luminousworld:decorative_brown_2":1,"minecraft:chicken":2,"minecraft:black_bed":1,"minecraft:leather":3,"minecraft:oak_log":8,"iceandfire:ectoplasm":1,"minecraft:string":1,"minecraft:dirt":3,"minecraft:bone":1,"minecraft:apple":2,"minecraft:stone_bricks":5,"iceandfire:graveyard_soil":5,"minecraft:cracked_stone_bricks":10,"minecraft:wheat_seeds":1,"minecraft:beef":3,"minecraft:iron_nugget":7,"minecraft:egg":2,"minecraft:torch":4,"tombstone:grave_dust":2,"minecraft:stone_axe":1,"minecraft:emerald":1,"minecraft:oak_button":1,"minecraft:oak_sapling":2,"iceandfire:raw_silver":1,"minecraft:cobblestone":14},"minecraft:dropped":{"minecraft:cobblestone":7,"minecraft:cracked_stone_bricks":6,"iceandfire:graveyard_soil":4,"minecraft:dirt":2,"minecraft:oak_button":1,"minecraft:stone_bricks":4}},"DataVersion":3465}