{"stats":{"minecraft:mined":{"minecraft:mud":1,"minecraft:birch_log":4,"minecraft:crafting_table":1,"minecraft:grass":3,"minecraft:vine":1,"minecraft:sand":1,"minecraft:mossy_stone_bricks":1,"minecraft:oak_leaves":2},"minecraft:crafted":{"minecraft:wooden_sword":1,"minecraft:crafting_table":1,"minecraft:stick":8,"minecraft:wooden_pickaxe":1,"minecraft:wooden_axe":1,"minecraft:birch_planks":16},"minecraft:picked_up":{"minecraft:birch_log":4,"minecraft:mud":1,"minecraft:crafting_table":1,"minecraft:feather":2,"ecologics:coconut_slice":2,"minecraft:copper_ingot":1,"minecraft:sand":1,"minecraft:paper":1,"minecraft:arrow":2,"minecraft:bone":2,"minecraft:rotten_flesh":10,"undead_revamp2:blacpetalblock":1,"minecraft:emerald":1,"minecraft:mossy_stone_bricks":1},"minecraft:custom":{"minecraft:time_since_rest":1465,"minecraft:sprint_one_cm":21914,"minecraft:damage_taken":560,"minecraft:walk_one_cm":28126,"minecraft:mob_kills":6,"tombstone:raider_killed":3,"minecraft:damage_dealt":968,"minecraft:swim_one_cm":2814,"minecraft:interact_with_crafting_table":1,"minecraft:fly_one_cm":44992,"minecraft:open_chest":2,"minecraft:play_time":10181,"minecraft:sneak_time":5,"tombstone:undead_killed":1,"minecraft:deaths":2,"minecraft:walk_under_water_one_cm":559,"minecraft:jump":141,"minecraft:walk_on_water_one_cm":5139,"minecraft:time_since_death":2005,"minecraft:climb_one_cm":1395,"minecraft:total_world_time":10181,"minecraft:fall_one_cm":2570},"minecraft:used":{"minecraft:wooden_axe":1,"minecraft:wooden_pickaxe":3,"ecologics:coconut_slice":2,"minecraft:wooden_sword":26,"minecraft:crafting_table":1,"tombstone:gift":1,"alexsmobs:animal_dictionary":1},"minecraft:killed":{"illagerinvasion:archivist":1,"illagerinvasion:provoker":1,"minecraft:vindicator":1,"naturalist:cardinal":1,"born_in_chaos_v1:decrepit_skeleton":1},"minecraft:killed_by":{"undead_revamp2:therod":1,"illagerinvasion:provoker":1}},"DataVersion":3465}