{"stats":{"minecraft:broken":{"minecraft:wooden_sword":1},"minecraft:mined":{"minecraft:glass_pane":2,"minecraft:potted_brown_mushroom":1,"minecraft:crafting_table":2,"minecraft:torch":1,"undead_revamp2:blacpetalblock":1,"minecraft:lily_pad":2,"minecraft:wall_torch":3,"minecraft:spawner":2,"minecraft:seagrass":1,"minecraft:tall_seagrass":1,"naturalist:duckweed":1,"minecraft:mud":1,"minecraft:birch_log":4,"minecraft:anvil":1,"minecraft:grass":3,"minecraft:vine":1,"minecraft:sand":1,"minecraft:mossy_stone_bricks":1,"minecraft:oak_leaves":2},"minecraft:custom":{"minecraft:interact_with_furnace":7,"minecraft:mob_kills":22,"tombstone:raider_killed":9,"minecraft:interact_with_crafting_table":2,"minecraft:open_barrel":2,"minecraft:time_since_death":26331,"minecraft:sleep_in_bed":1,"minecraft:climb_one_cm":8651,"minecraft:time_since_rest":25445,"minecraft:sprint_one_cm":101253,"minecraft:open_enderchest":1,"minecraft:damage_taken":2268,"minecraft:walk_one_cm":181001,"minecraft:drop":1,"minecraft:damage_dealt":3613,"minecraft:swim_one_cm":14119,"minecraft:talked_to_villager":2,"minecraft:fly_one_cm":115032,"minecraft:open_chest":22,"minecraft:crouch_one_cm":417,"minecraft:play_time":82181,"tombstone:undead_killed":3,"minecraft:deaths":6,"minecraft:sneak_time":69,"minecraft:walk_under_water_one_cm":5460,"minecraft:jump":469,"minecraft:walk_on_water_one_cm":24018,"minecraft:total_world_time":82181,"minecraft:fall_one_cm":5604,"minecraft:inspect_dispenser":1},"minecraft:crafted":{"naturalist:cooked_catfish":3,"minecraft:wooden_sword":1,"minecraft:crafting_table":1,"minecraft:wooden_pickaxe":1,"minecraft:iron_sword":1,"minecraft:birch_planks":16,"naturalist:cooked_bass":3,"minecraft:air":0,"minecraft:stick":8,"minecraft:iron_pickaxe":1,"minecraft:wooden_axe":1},"minecraft:picked_up":{"minecraft:birch_log":4,"minecraft:mud":1,"born_in_chaos_v1:corpse_maggot":1,"minecraft:crafting_table":2,"minecraft:feather":2,"minecraft:anvil":1,"minecraft:flower_pot":1,"minecraft:brown_mushroom":1,"friendsandfoes:totem_of_illusion":1,"minecraft:lily_pad":2,"minecraft:paper":1,"naturalist:bass":3,"minecraft:compass":1,"minecraft:bone":3,"undead_revamp2:blacpetalblock":2,"minecraft:ender_eye":2,"minecraft:mossy_stone_bricks":1,"minecraft:iron_nugget":8,"naturalist:catfish":3,"ecologics:coconut_slice":2,"minecraft:copper_ingot":1,"minecraft:torch":4,"minecraft:sand":1,"minecraft:arrow":6,"minecraft:rotten_flesh":10,"minecraft:emerald":4},"minecraft:used":{"undead_revamp2:blacpetalblock":1,"naturalist:cooked_catfish":2,"minecraft:wooden_pickaxe":3,"minecraft:iron_sword":33,"minecraft:torch":4,"minecraft:crafting_table":2,"minecraft:carrot":11,"naturalist:cooked_bass":3,"minecraft:wooden_axe":2,"friendsandfoes:totem_of_illusion":1,"minecraft:iron_pickaxe":6,"ecologics:coconut_slice":2,"minecraft:wooden_sword":72,"minecraft:cobblestone":99,"minecraft:furnace":1,"tombstone:gift":1,"alexsmobs:animal_dictionary":1,"minecraft:splash_potion":2},"minecraft:dropped":{"minecraft:lily_pad":1},"minecraft:killed":{"illagerinvasion:archivist":1,"minecraft:witch":1,"minecraft:vindicator":2,"illagerinvasion:basher":2,"born_in_chaos_v1:decrepit_skeleton":1,"minecraft:skeleton":1,"naturalist:catfish":3,"luminousworld:swamp_zombie":1,"born_in_chaos_v1:corpse_fly":1,"naturalist:bass":4,"illagerinvasion:provoker":2,"minecraft:illusioner":1,"naturalist:cardinal":1},"minecraft:killed_by":{"undead_revamp2:therod":1,"minecraft:zombie":3,"illagerinvasion:provoker":1,"minecraft:illusioner":1}},"DataVersion":3465}