{"stats":{"minecraft:mined":{"iceandfire:graveyard_soil":2,"iceandfire:silver_ore":1,"minecraft:black_bed":1,"minecraft:crafting_table":2,"minecraft:grass":9,"minecraft:grass_block":1,"minecraft:oak_log":8,"luminousworld:grassvariant_2":1,"luminousworld:grassvariant_3":2,"luminousworld:decorative_brown_2":1,"minecraft:oak_leaves":4},"minecraft:crafted":{"minecraft:oak_planks":28,"minecraft:crafting_table":1,"minecraft:stick":8,"minecraft:iron_pickaxe":1,"minecraft:wooden_pickaxe":1,"minecraft:wooden_axe":1,"minecraft:iron_sword":1},"minecraft:killed":{"iceandfire:ghost":3,"illagerinvasion:basher":1,"born_in_chaos_v1:decrepit_skeleton":1},"minecraft:used":{"minecraft:oak_log":1,"minecraft:wooden_axe":31,"minecraft:apple":2,"minecraft:oak_button":1,"minecraft:iron_pickaxe":1,"minecraft:wooden_pickaxe":5,"minecraft:iron_sword":10,"luminousworld:decorative_brown_2":1,"minecraft:crafting_table":2,"alexsmobs:animal_dictionary":1,"minecraft:black_bed":1},"minecraft:killed_by":{"illagerinvasion:basher":1,"minecraft:witch":1},"minecraft:custom":{"minecraft:time_since_rest":3410,"minecraft:interact_with_furnace":1,"minecraft:sprint_one_cm":135426,"minecraft:walk_one_cm":138367,"minecraft:damage_taken":965,"minecraft:trigger_trapped_chest":2,"minecraft:mob_kills":5,"tombstone:raider_killed":1,"minecraft:damage_dealt":1380,"minecraft:swim_one_cm":1334,"minecraft:tune_noteblock":65,"minecraft:interact_with_crafting_table":5,"minecraft:fly_one_cm":340249,"minecraft:open_chest":12,"minecraft:crouch_one_cm":88,"minecraft:play_time":58321,"tombstone:undead_killed":4,"minecraft:deaths":3,"minecraft:sneak_time":173,"minecraft:walk_under_water_one_cm":4581,"minecraft:jump":751,"minecraft:leave_game":1,"minecraft:time_since_death":8893,"minecraft:walk_on_water_one_cm":9279,"minecraft:sleep_in_bed":1,"minecraft:total_world_time":58321,"minecraft:climb_one_cm":5024,"minecraft:fall_one_cm":9257},"minecraft:picked_up":{"minecraft:crafting_table":2,"luminousworld:decorative_brown_2":1,"minecraft:black_bed":1,"minecraft:oak_log":8,"iceandfire:ectoplasm":1,"tombstone:grave_dust":2,"minecraft:dirt":1,"minecraft:bone":1,"minecraft:apple":2,"iceandfire:graveyard_soil":1,"minecraft:stone_axe":1,"minecraft:wheat_seeds":1,"minecraft:iron_nugget":7,"minecraft:emerald":1,"minecraft:oak_sapling":2,"iceandfire:raw_silver":1,"minecraft:egg":1}},"DataVersion":3465}