{"stats":{"minecraft:picked_up":{"minecraft:rotten_flesh":1,"minecraft:sugar_cane":9,"minecraft:lantern":1,"minecraft:book":36},"minecraft:mined":{"minecraft:grass":2,"minecraft:bookshelf":13,"minecraft:glass_pane":2,"minecraft:sugar_cane":6,"minecraft:oak_leaves":1},"minecraft:custom":{"minecraft:open_chest":1,"minecraft:time_since_rest":2364,"minecraft:crouch_one_cm":66,"minecraft:deaths":1,"minecraft:play_time":17685,"minecraft:sprint_one_cm":3254,"minecraft:damage_taken":330,"tombstone:undead_killed":1,"minecraft:walk_one_cm":15352,"minecraft:sneak_time":262,"minecraft:walk_under_water_one_cm":282,"minecraft:mob_kills":1,"minecraft:jump":83,"minecraft:damage_dealt":198,"minecraft:leave_game":1,"minecraft:walk_on_water_one_cm":3388,"minecraft:time_since_death":3396,"minecraft:total_world_time":17685,"minecraft:climb_one_cm":1323,"minecraft:swim_one_cm":4983,"minecraft:fall_one_cm":1044,"minecraft:fly_one_cm":70440},"minecraft:used":{"minecraft:rotten_flesh":1,"tombstone:gift":1,"alexsmobs:animal_dictionary":1},"minecraft:killed":{"undead_revamp2:sucker":1},"minecraft:killed_by":{"born_in_chaos_v1:corpse_fly":1}},"DataVersion":3465}