{"stats":{"minecraft:crafted":{"naturalist:cooked_duck":7,"minecraft:oak_planks":60,"naturalist:cooked_bass":2,"sophisticatedbackpacks:copper_backpack":1,"minecraft:copper_block":10,"born_in_chaos_v1:shattered_skull":4,"luminousworld:palmplank":20,"sophisticatedbackpacks:backpack":1,"luminousworld:cooked_bass":1,"minecraft:cooked_porkchop":5,"minecraft:crafting_table":3,"minecraft:copper_ingot":103,"minecraft:shield":1,"minecraft:stick":28,"quark:oak_chest":2,"minecraft:iron_pickaxe":2,"minecraft:iron_block":3,"minecraft:stone_sword":1,"minecraft:wooden_sword":1,"minecraft:fishing_rod":1,"born_in_chaos_v1:fried_maggot":5,"minecraft:wheat":54,"sophisticatedbackpacks:iron_backpack":1,"iceandfire:silver_ingot":9,"minecraft:iron_sword":1,"luminousworld:cooked_trout":1,"sophisticatedbackpacks:gold_backpack":1,"minecraft:bread":20,"minecraft:air":0,"aether:iron_gloves":2,"minecraft:oak_boat":1,"iceandfire:armor_silver_metal_helmet":1,"minecraft:wooden_axe":1,"minecraft:anvil":1,"iceandfire:dragonarmor_copper_head":1,"minecraft:torch":68,"iceandfire:silver_pickaxe":1},"minecraft:used":{"minecraft:iron_shovel":71,"minecraft:ladder":1,"minecraft:shield":5,"minecraft:iron_sword":400,"minecraft:rotten_flesh":4,"naturalist:cooked_bass":2,"minecraft:yellow_candle":2,"ecologics:prickly_pear":1,"minecraft:milk_bucket":2,"born_in_chaos_v1:corpse_maggot":2,"minecraft:lantern":7,"tombstone:tablet_of_cupidity":1,"minecraft:iron_helmet":2,"born_in_chaos_v1:gnawed_bones":2,"minecraft:stone_bricks":6,"minecraft:furnace":2,"minecraft:oak_planks":1,"minecraft:cactus":3,"minecraft:sandstone":1,"luminousworld:groundpebbles_1":3,"minecraft:golden_apple":1,"minecraft:glow_berries":1,"minecraft:sand":53,"minecraft:cut_sandstone_slab":1,"minecraft:crossbow":4,"minecraft:chiseled_quartz_block":3,"minecraft:gray_concrete":1,"minecraft:redstone_torch":5,"minecraft:chiseled_sandstone":1,"minecraft:bread":36,"minecraft:melon_slice":78,"minecraft:iron_door":1,"luminousworld:palmplank":6,"naturalist:cooked_duck":7,"luminousworld:cooked_trout":1,"supplementaries:bamboo_spikes":1,"minecraft:oak_boat":1,"minecraft:experience_bottle":1,"quark:birch_chest":1,"minecraft:stone_sword":44,"born_in_chaos_v1:fried_maggot":5,"minecraft:torch":72,"minecraft:dirt":2,"minecraft:anvil":1,"minecraft:mossy_cobblestone_stairs":1,"minecraft:wooden_axe":31,"minecraft:bamboo":111,"minecraft:oxidized_copper":1,"tombstone:gift":5,"minecraft:pointed_dripstone":11,"minecraft:water_bucket":26,"minecraft:cut_sandstone":4,"minecraft:stonecutter":1,"minecraft:mossy_cobblestone":3,"tombstone:scroll_of_feather_fall":1,"minecraft:crafting_table":4,"minecraft:red_mushroom":1,"luminousworld:cooked_bass":1,"minecraft:mud":3,"minecraft:iron_pickaxe":257,"minecraft:map":1,"minecraft:fishing_rod":3,"minecraft:cobblestone":8,"minecraft:potion":2,"minecraft:cooked_porkchop":3,"minecraft:bucket":26,"quark:oak_chest":1,"alexsmobs:animal_dictionary":1,"minecraft:splash_potion":1},"minecraft:dropped":{"minecraft:iron_sword":1,"minecraft:piston":1,"minecraft:glass_bottle":2,"minecraft:leather_helmet":2,"minecraft:gold_nugget":12,"minecraft:wooden_sword":1,"iceandfire:ash":1,"minecraft:bone":1,"minecraft:sugar_cane":1,"minecraft:rotten_flesh":18,"minecraft:chainmail_chestplate":2,"born_in_chaos_v1:corpse_maggot":2,"minecraft:leather_boots":1,"minecraft:leather_leggings":2,"born_in_chaos_v1:marigolds":4,"minecraft:wheat_seeds":3,"minecraft:mossy_cobblestone":2,"minecraft:mangrove_propagule":2,"minecraft:feather":7,"minecraft:cobblestone":1,"minecraft:book":9,"minecraft:diorite":1,"minecraft:wooden_axe":1,"minecraft:smooth_quartz":8,"minecraft:tripwire_hook":4,"minecraft:chiseled_sandstone":1,"minecraft:stone_sword":1,"minecraft:chiseled_quartz_block":2,"minecraft:clay_ball":5,"alexsmobs:ancient_dart":2,"minecraft:filled_map":1,"aether:iron_gloves":2,"iceandfire:chared_cobblestone":1,"luminousworld:groundpebbles_1":4,"minecraft:mossy_stone_bricks":1,"minecraft:light_gray_bed":1,"minecraft:stone_bricks":1,"minecraft:sandstone":2},"minecraft:killed_by":{"undead_revamp2:the_moonflower":1,"born_in_chaos_v1:nightmare_stalker":2,"born_in_chaos_v1:corpse_fly":1,"iceandfire:deathworm":1,"iceandfire:lightning_dragon":1},"minecraft:killed":{"minecraft:spider":1,"undead_revamp2:thesmoker":1,"born_in_chaos_v1:siamese_skeletonsright":1,"born_in_chaos_v1:baby_skeleton_minion":1,"minecraft:skeleton":13,"born_in_chaos_v1:skeleton_thrasher":1,"minecraft:silverfish":8,"minecraft:magma_cube":4,"minecraft:pig":3,"luminousworld:hollow":3,"minecraft:zombie":3,"born_in_chaos_v1:corpse_fly":6,"takesapillage:archer":1,"born_in_chaos_v1:siamese_skeletonsleft":1,"minecraft:cow":3,"illagerinvasion:firecaller":1,"minecraft:slime":10,"enemyexpansion:direwolf":2,"naturalist:duck":7,"takesapillage:clay_golem":1,"naturalist:bass":2,"iceandfire:deathworm":1,"undead_revamp2:sucker":1,"enemyexpansion:scorpion":1,"naturalist:vulture":1,"enemyexpansion:starved":1,"minecraft:husk":1,"undead_revamp2:the_moonflower":1,"born_in_chaos_v1:decrepit_skeleton":1,"alexsmobs:crocodile":1,"iceandfire:ghost":2},"minecraft:picked_up":{"minecraft:iron_chestplate":1,"minecraft:wheat":3,"aether:iron_gloves":1,"minecraft:potion":2,"minecraft:string":22,"minecraft:raw_copper":402,"minecraft:armor_stand":3,"minecraft:gold_nugget":12,"minecraft:smooth_quartz":8,"minecraft:melon_slice":82,"minecraft:furnace":2,"minecraft:stick":2,"born_in_chaos_v1:shattered_skull":2,"minecraft:torch":15,"minecraft:porkchop":5,"tombstone:grave_dust":1,"minecraft:pointed_dripstone":50,"minecraft:diorite":1,"minecraft:rotten_flesh":19,"minecraft:stone_sword":2,"minecraft:cactus":3,"minecraft:light_gray_bed":1,"supplementaries:ash":1,"minecraft:cobblestone":11,"minecraft:leather_chestplate":1,"minecraft:feather":7,"minecraft:oxidized_copper":1,"minecraft:iron_door":1,"minecraft:chiseled_quartz_block":5,"minecraft:map":1,"minecraft:gray_concrete":1,"minecraft:dirt":2,"minecraft:cut_sandstone_slab":1,"minecraft:lantern":7,"born_in_chaos_v1:marigolds":4,"minecraft:leather_boots":3,"minecraft:bone":33,"minecraft:stonecutter":1,"minecraft:wheat_seeds":3,"minecraft:mossy_stone_bricks":1,"minecraft:bamboo":106,"luminousworld:bass_item":1,"ecologics:prickly_pear":1,"minecraft:dropper":2,"minecraft:sand":53,"minecraft:chiseled_sandstone":2,"minecraft:mossy_cobblestone":5,"iceandfire:chared_cobblestone":1,"minecraft:dispenser":4,"minecraft:emerald":1,"minecraft:bread":4,"iceandfire:raw_silver":9,"luminousworld:groundpebbles_1":5,"minecraft:mud":37,"minecraft:crafting_table":2,"minecraft:ladder":1,"minecraft:clay_ball":5,"minecraft:leather_leggings":3,"luminousworld:trout":1,"minecraft:yellow_candle":2,"minecraft:shield":1,"born_in_chaos_v1:intoxicating_decoction":2,"minecraft:iron_shovel":1,"luminousworld:palm_log":10,"minecraft:beef":6,"born_in_chaos_v1:gnawed_bones":2,"minecraft:observer":2,"minecraft:sugar_cane":10,"minecraft:piston":1,"minecraft:sandstone":3,"naturalist:duck":7,"minecraft:fire_charge":2,"quark:birch_chest":1,"alexsmobs:crocodile_scute":1,"minecraft:arrow":19,"minecraft:hay_block":6,"tombstone:essence_of_undeath":1,"minecraft:glow_berries":1,"born_in_chaos_v1:fused_bone":2,"born_in_chaos_v1:corpse_maggot":9,"minecraft:tripwire_hook":4,"minecraft:leather":5,"minecraft:cut_sandstone":4,"minecraft:oak_log":18,"minecraft:chainmail_chestplate":3,"minecraft:paper":5,"naturalist:bass":2,"minecraft:stone_bricks":7,"minecraft:iron_ingot":4,"tombstone:bag_of_seeds":1,"minecraft:iron_sword":4,"minecraft:book":66,"iceandfire:ash":1,"minecraft:leather_helmet":2,"minecraft:slime_ball":3,"born_in_chaos_v1:pile_of_skulls":1,"minecraft:honey_block":1,"minecraft:mossy_cobblestone_stairs":1,"minecraft:coal":42,"minecraft:mangrove_propagule":2},"minecraft:broken":{"minecraft:iron_pickaxe":1},"minecraft:custom":{"minecraft:animals_bred":4,"minecraft:interact_with_crafting_table":27,"minecraft:leave_game":3,"minecraft:time_since_death":18776,"minecraft:sprint_one_cm":437144,"minecraft:damage_blocked_by_shield":150,"minecraft:drop":55,"minecraft:play_time":201465,"minecraft:deaths":9,"minecraft:jump":3882,"minecraft:walk_on_water_one_cm":39284,"minecraft:interact_with_furnace":31,"minecraft:sleep_in_bed":8,"minecraft:damage_dealt":15071,"minecraft:crouch_one_cm":24848,"tombstone:undead_killed":31,"minecraft:inspect_dispenser":12,"minecraft:horse_one_cm":8296,"minecraft:inspect_dropper":1,"minecraft:mob_kills":86,"minecraft:interact_with_anvil":2,"minecraft:damage_dealt_resisted":2109,"minecraft:climb_one_cm":43029,"minecraft:walk_one_cm":582456,"minecraft:sneak_time":5946,"minecraft:walk_under_water_one_cm":20653,"minecraft:boat_one_cm":71460,"minecraft:total_world_time":201465,"tombstone:raider_killed":1,"minecraft:interact_with_stonecutter":1,"minecraft:time_since_rest":18130,"minecraft:damage_taken":6219,"minecraft:damage_absorbed":41,"minecraft:trigger_trapped_chest":4,"tombstone:cast_on_ally":0,"minecraft:swim_one_cm":72733,"minecraft:fly_one_cm":968198,"minecraft:open_chest":118,"minecraft:fall_one_cm":109581},"minecraft:mined":{"minecraft:potted_pink_tulip":1,"minecraft:jungle_leaves":1,"placeablesmod:melon_block_1":1,"minecraft:infested_cobblestone":13,"minecraft:light_gray_bed":1,"born_in_chaos_v1:pile_of_skulls":1,"minecraft:spawner":4,"minecraft:mossy_cobblestone_stairs":1,"minecraft:fire":9,"minecraft:pointed_dripstone":7,"minecraft:cave_vines":1,"iceandfire:gold_pile":1,"minecraft:tripwire":21,"iceandfire:chared_cobblestone":1,"minecraft:chiseled_quartz_block":4,"minecraft:torch":2,"minecraft:melon":15,"minecraft:oxidized_copper":1,"minecraft:dead_bush":2,"minecraft:cobblestone":8,"minecraft:sugar_cane":6,"minecraft:iron_door":1,"minecraft:wall_torch":11,"minecraft:mud":39,"minecraft:grass":20,"quark:birch_chest":1,"minecraft:oak_log":18,"minecraft:dirt":2,"minecraft:sand":32,"minecraft:smooth_quartz":4,"luminousworld:palm_log":10,"minecraft:tripwire_hook":2,"minecraft:dispenser":4,"minecraft:stonecutter":1,"minecraft:piston":1,"minecraft:oak_leaves":9,"minecraft:light_blue_stained_glass_pane":2,"iceandfire:silver_ore":9,"minecraft:mossy_cobblestone":5,"minecraft:yellow_candle":1,"minecraft:birch_slab":2,"born_in_chaos_v1:gnawed_bones":2,"minecraft:mangrove_propagule":3,"minecraft:sandstone":1,"minecraft:hay_block":7,"minecraft:furnace":2,"minecraft:chiseled_sandstone":4,"minecraft:bookshelf":23,"minecraft:vine":7,"minecraft:lantern":5,"minecraft:bamboo":15,"luminousworld:groundpebbles_2":1,"minecraft:stone":4,"minecraft:gray_concrete":1,"minecraft:glass_pane":2,"minecraft:hanging_roots":1,"minecraft:observer":2,"minecraft:crafting_table":2,"minecraft:honey_block":1,"minecraft:dropper":2,"minecraft:copper_ore":117,"minecraft:diorite":1,"minecraft:cactus":1,"iceandfire:ash":1,"minecraft:coal_ore":36,"minecraft:stone_bricks":7,"minecraft:mossy_stone_bricks":2,"minecraft:fern":3}},"DataVersion":3465}