{"stats":{"minecraft:mined":{"minecraft:glass_pane":2,"minecraft:hanging_roots":1,"minecraft:mossy_cobblestone":1,"minecraft:observer":2,"minecraft:crafting_table":1,"minecraft:yellow_candle":1,"minecraft:dropper":2,"minecraft:infested_cobblestone":3,"minecraft:melon":9,"minecraft:cobblestone":3,"minecraft:sugar_cane":6,"minecraft:mangrove_propagule":3,"minecraft:mossy_cobblestone_stairs":1,"minecraft:mud":39,"minecraft:grass":17,"minecraft:bookshelf":23,"minecraft:oak_log":13,"minecraft:vine":4,"minecraft:lantern":1,"minecraft:tripwire_hook":2,"minecraft:bamboo":1,"luminousworld:groundpebbles_2":1,"minecraft:dispenser":4,"minecraft:oak_leaves":9,"minecraft:tripwire":12,"minecraft:fern":2},"minecraft:custom":{"minecraft:inspect_dropper":1,"minecraft:mob_kills":5,"minecraft:interact_with_crafting_table":4,"minecraft:leave_game":1,"minecraft:time_since_death":14801,"minecraft:climb_one_cm":6931,"minecraft:time_since_rest":12402,"minecraft:sprint_one_cm":35333,"minecraft:damage_taken":820,"minecraft:walk_one_cm":70365,"minecraft:drop":3,"minecraft:damage_dealt":486,"minecraft:swim_one_cm":8738,"minecraft:fly_one_cm":118083,"minecraft:open_chest":6,"minecraft:crouch_one_cm":3302,"minecraft:play_time":36756,"tombstone:undead_killed":1,"minecraft:deaths":2,"minecraft:sneak_time":1168,"minecraft:walk_under_water_one_cm":476,"minecraft:jump":431,"minecraft:walk_on_water_one_cm":8755,"minecraft:total_world_time":36756,"minecraft:fall_one_cm":10914,"minecraft:inspect_dispenser":6},"minecraft:crafted":{"minecraft:wooden_sword":1,"minecraft:oak_planks":52,"minecraft:crafting_table":1,"minecraft:stick":8,"minecraft:iron_pickaxe":1,"minecraft:wooden_axe":1,"minecraft:stone_sword":1},"minecraft:picked_up":{"minecraft:mud":37,"luminousworld:groundpebbles_1":1,"minecraft:crafting_table":1,"minecraft:tripwire_hook":2,"minecraft:potion":2,"minecraft:oak_log":13,"minecraft:yellow_candle":2,"minecraft:string":12,"minecraft:lantern":2,"minecraft:iron_shovel":1,"minecraft:wheat_seeds":1,"minecraft:observer":2,"minecraft:bamboo":7,"minecraft:melon_slice":44,"minecraft:sugar_cane":10,"minecraft:book":66,"minecraft:dropper":2,"minecraft:mossy_cobblestone":1,"minecraft:dispenser":4,"minecraft:rotten_flesh":1,"minecraft:mossy_cobblestone_stairs":1,"minecraft:glow_berries":1,"minecraft:mangrove_propagule":2,"minecraft:cobblestone":2},"minecraft:used":{"minecraft:stone_sword":8,"minecraft:iron_shovel":39,"minecraft:rotten_flesh":1,"minecraft:glow_berries":1,"minecraft:mossy_cobblestone":1,"minecraft:crafting_table":2,"minecraft:red_mushroom":1,"minecraft:yellow_candle":2,"minecraft:mossy_cobblestone_stairs":1,"minecraft:mud":3,"minecraft:wooden_axe":11,"minecraft:lantern":1,"minecraft:melon_slice":13,"minecraft:iron_pickaxe":18,"minecraft:potion":1,"alexsmobs:animal_dictionary":1,"tombstone:gift":1},"minecraft:dropped":{"minecraft:sugar_cane":1,"minecraft:glass_bottle":1,"luminousworld:groundpebbles_1":1},"minecraft:killed":{"minecraft:silverfish":3,"undead_revamp2:sucker":1},"minecraft:killed_by":{"born_in_chaos_v1:corpse_fly":1}},"DataVersion":3465}