{"stats":{"minecraft:crafted":{"minecraft:black_dye":10,"ecologics:walnut_planks":28,"sophisticatedbackpacks:crafting_upgrade":1,"minecraft:gray_wool":4,"naturalist:cooked_bass":2,"minecraft:glass":39,"sophisticatedbackpacks:copper_backpack":1,"vanillaplustools:stone_shovel":3,"luminousworld:palmplank":20,"minecraft:glass_bottle":6,"minecraft:cooked_porkchop":5,"minecraft:copper_ingot":103,"minecraft:campfire":2,"minecraft:polished_deepslate_slab":6,"minecraft:bamboo_planks":234,"quark:oak_chest":2,"minecraft:iron_pickaxe":2,"minecraft:iron_block":11,"minecraft:stone_shovel":29,"iceandfire:armor_green_leggings":1,"minecraft:iron_nugget":153,"iceandfire:dragonbone_sword_fire":1,"sophisticatedbackpacks:stack_upgrade_tier_1":1,"iceandfire:dragon_flute":1,"minecraft:bone_meal":6,"minecraft:lantern":19,"minecraft:dark_oak_fence":3,"quark:bamboo_bookshelf":27,"minecraft:dark_oak_planks":28,"iceandfire:chain":1,"minecraft:wheat":135,"iceandfire:dragonbone_sword":2,"ironchest:wood_to_iron_chest_upgrade":1,"minecraft:enchanting_table":1,"luminousworld:cooked_trout":1,"sophisticatedbackpacks:gold_backpack":1,"minecraft:wooden_axe":2,"iceandfire:dragonarmor_copper_head":1,"iceandfire:silver_pickaxe":1,"naturalist:cooked_duck":7,"minecraft:oak_planks":76,"minecraft:stone":18,"minecraft:bamboo_block":201,"iceandfire:dragonbone_sword_lightning":1,"iceandfire:armor_green_helmet":1,"minecraft:copper_block":10,"born_in_chaos_v1:shattered_skull":4,"sophisticatedbackpacks:backpack":1,"minecraft:cauldron":1,"luminousworld:cooked_bass":1,"minecraft:crafting_table":7,"sophisticatedbackpacks:upgrade_base":2,"minecraft:string":8,"minecraft:dark_oak_slab":6,"minecraft:diamond_pickaxe":1,"minecraft:shield":1,"minecraft:stick":152,"minecraft:stone_sword":1,"minecraft:gray_carpet":6,"quark:mangrove_chest":5,"minecraft:wooden_sword":1,"minecraft:fishing_rod":1,"iceandfire:dragon_stick":1,"minecraft:furnace":8,"minecraft:gray_dye":12,"minecraft:flint_and_steel":1,"minecraft:leather":2,"minecraft:iron_axe":1,"born_in_chaos_v1:fried_maggot":5,"sophisticatedbackpacks:iron_backpack":1,"minecraft:diamond_sword":1,"iceandfire:silver_ingot":9,"minecraft:iron_sword":1,"minecraft:mangrove_planks":44,"minecraft:bucket":2,"minecraft:stone_axe":1,"minecraft:air":0,"iceandfire:dragonbone_pickaxe":1,"minecraft:bread":50,"aether:iron_gloves":2,"quark:bamboo_chest":4,"minecraft:oak_boat":1,"iceandfire:armor_silver_metal_helmet":1,"minecraft:white_dye":6,"minecraft:anvil":1,"minecraft:torch":264},"minecraft:dropped":{"minecraft:iron_sword":1,"minecraft:piston":1,"minecraft:glass_bottle":2,"minecraft:sandstone_stairs":6,"minecraft:cut_sandstone_slab":2,"minecraft:leather_helmet":2,"born_in_chaos_v1:monster_flesh":1,"minecraft:dirt":1,"alexsmobs:roadrunner_feather":2,"minecraft:stone_button":12,"minecraft:chain":1,"minecraft:gold_nugget":12,"minecraft:wooden_sword":1,"minecraft:sand":4,"minecraft:dark_oak_planks":13,"minecraft:bone":2,"minecraft:dark_oak_door":1,"minecraft:sugar_cane":1,"minecraft:wheat":2,"undead_revamp2:arapholia":3,"minecraft:rotten_flesh":55,"minecraft:azure_bluet":4,"luminousworld:grassflowers":36,"minecraft:brick_stairs":2,"minecraft:leather_boots":3,"minecraft:ladder":2,"minecraft:yellow_banner":2,"minecraft:leather_leggings":2,"born_in_chaos_v1:marigolds":4,"iceandfire:manuscript":8,"minecraft:wheat_seeds":144,"minecraft:feather":11,"minecraft:cobblestone":1,"minecraft:book":9,"minecraft:oxeye_daisy":7,"born_in_chaos_v1:gnawed_bones":1,"iceandfire:copper_nugget":12,"minecraft:wooden_axe":1,"minecraft:rose_bush":2,"minecraft:oak_stairs":3,"minecraft:stone_sword":1,"minecraft:clay_ball":5,"ecologics:walnut":1,"minecraft:spruce_trapdoor":6,"minecraft:stone_bricks":3,"minecraft:sandstone":5,"luminousworld:blue_petunias":4,"minecraft:brick_slab":1,"luminousworld:yellowpetunias":17,"minecraft:oak_log":1,"luminousworld:white_petunias":6,"minecraft:sandstone_slab":8,"ecologics:walnut_sapling":7,"minecraft:flint":1,"born_in_chaos_v1:monster_skin":1,"minecraft:cornflower":3,"iceandfire:ash":1,"minecraft:beetroot":11,"ecologics:prickly_pear":1,"minecraft:chainmail_chestplate":2,"minecraft:poppy":4,"supplementaries:ash":28,"born_in_chaos_v1:corpse_maggot":5,"minecraft:stone_brick_wall":1,"minecraft:arrow":1,"minecraft:oak_slab":1,"luminousworld:sunset_petunias":5,"minecraft:mossy_cobblestone":2,"minecraft:mangrove_propagule":2,"minecraft:amethyst_block":4,"minecraft:tropical_fish":2,"minecraft:spruce_stairs":2,"born_in_chaos_v1:river_mint":16,"minecraft:diorite":1,"minecraft:torch":2,"minecraft:smooth_quartz":8,"minecraft:tripwire_hook":4,"minecraft:chiseled_sandstone":9,"minecraft:dandelion":24,"iceandfire:dragonbone":4,"minecraft:chiseled_quartz_block":2,"alexsmobs:ancient_dart":2,"minecraft:stripped_oak_log":1,"luminousworld:yellow_grassflowers":13,"minecraft:filled_map":1,"minecraft:oak_button":6,"aether:iron_gloves":2,"iceandfire:chared_cobblestone":1,"minecraft:iron_chestplate":1,"luminousworld:groundpebbles_1":48,"minecraft:cake":1,"minecraft:mossy_stone_bricks":1,"minecraft:light_gray_bed":1,"luminousworld:purple_petunias":16},"minecraft:used":{"iceandfire:lectern":4,"minecraft:beetroot":8,"minecraft:ladder":1,"minecraft:rotten_flesh":5,"naturalist:cooked_bass":2,"minecraft:yellow_candle":2,"minecraft:lava_bucket":12,"iceandfire:crackled_gravel":2,"minecraft:red_wool":1,"minecraft:dark_oak_slab":5,"supplementaries:bomb_blue":1,"minecraft:furnace":10,"iceandfire:armor_green_leggings":6,"minecraft:potato":4,"minecraft:diorite":6,"minecraft:cactus":3,"minecraft:stripped_mangrove_wood":9,"minecraft:glow_berries":1,"minecraft:golden_apple":9,"minecraft:dark_oak_trapdoor":2,"minecraft:sand":53,"minecraft:cut_sandstone_slab":1,"minecraft:blast_furnace":2,"minecraft:chiseled_quartz_block":3,"minecraft:gray_concrete":1,"minecraft:chiseled_sandstone":1,"minecraft:cyan_carpet":76,"minecraft:soul_lantern":10,"minecraft:diamond_sword":140,"minecraft:dark_oak_fence":4,"supplementaries:bamboo_spikes":1,"minecraft:oak_boat":1,"minecraft:enchanting_table":2,"minecraft:stone_sword":44,"iceandfire:armor_copper_metal_leggings":4,"minecraft:armor_stand":5,"quark:bamboo_bookshelf":27,"born_in_chaos_v1:fried_maggot":8,"minecraft:torch":264,"minecraft:anvil":2,"iceandfire:copper_sword":411,"minecraft:stone_stairs":6,"minecraft:mossy_cobblestone_stairs":2,"minecraft:iron_axe":114,"minecraft:polished_deepslate_wall":4,"minecraft:barrel":4,"minecraft:smooth_basalt":2,"minecraft:bamboo":1034,"minecraft:oxidized_copper":1,"tombstone:gift":6,"minecraft:orange_terracotta":2,"minecraft:pointed_dripstone":12,"minecraft:calcite":37,"minecraft:water_bucket":113,"minecraft:cauldron":1,"quark:mangrove_chest":5,"minecraft:polished_deepslate_slab":8,"minecraft:mossy_cobblestone":3,"minecraft:crafting_table":10,"vanillaplustools:stone_shovel":378,"minecraft:campfire":2,"minecraft:cake":2,"luminousworld:cooked_bass":1,"minecraft:mud":3,"minecraft:diamond_pickaxe":102,"iceandfire:dragonbone_sword_fire":9,"minecraft:iron_pickaxe":774,"minecraft:spruce_trapdoor":11,"luminousworld:sunset_petunias":1,"minecraft:cobblestone":143,"minecraft:potion":2,"minecraft:cooked_porkchop":7,"minecraft:sandstone_slab":2,"quark:oak_chest":1,"minecraft:diamond_leggings":1,"minecraft:red_sand":1,"minecraft:iron_shovel":369,"minecraft:shield":5,"minecraft:iron_sword":557,"minecraft:nether_wart":37,"minecraft:carrot":15,"ecologics:prickly_pear":1,"minecraft:milk_bucket":2,"minecraft:glass":7,"born_in_chaos_v1:corpse_maggot":2,"tombstone:tablet_of_cupidity":1,"minecraft:lantern":32,"minecraft:iron_helmet":2,"born_in_chaos_v1:gnawed_bones":2,"minecraft:stone_bricks":8,"minecraft:diamond_boots":1,"minecraft:gray_carpet":63,"minecraft:oak_planks":9,"iceandfire:armor_green_helmet":1,"minecraft:sandstone":1,"luminousworld:groundpebbles_1":3,"iceandfire:dragonbone_sword_lightning":11,"minecraft:crossbow":8,"minecraft:redstone_torch":5,"minecraft:melon_slice":78,"minecraft:cyan_bed":1,"minecraft:bread":155,"tombstone:grave_key":3,"minecraft:iron_door":1,"quark:bamboo_chest":3,"minecraft:gravel":17,"luminousworld:palmplank":6,"naturalist:cooked_duck":7,"luminousworld:cooked_trout":1,"minecraft:cooked_rabbit":1,"minecraft:experience_bottle":2,"quark:birch_chest":1,"minecraft:flint_and_steel":3,"minecraft:stone_shovel":279,"minecraft:spruce_planks":12,"minecraft:dirt":2869,"minecraft:spruce_stairs":2,"minecraft:dark_oak_planks":4,"minecraft:wooden_axe":90,"minecraft:iron_boots":1,"minecraft:golden_carrot":9,"minecraft:cooked_beef":3,"minecraft:iron_leggings":2,"minecraft:cooked_mutton":2,"iceandfire:fire_dragon_flesh":6,"minecraft:cyan_candle":16,"minecraft:cut_sandstone":4,"minecraft:stonecutter":1,"minecraft:mangrove_trapdoor":2,"luminousworld:white_petunias":1,"tombstone:scroll_of_feather_fall":1,"minecraft:red_mushroom":1,"minecraft:apple":2,"minecraft:map":1,"minecraft:stone_axe":34,"minecraft:fishing_rod":3,"minecraft:bucket":127,"alexsmobs:animal_dictionary":1,"minecraft:splash_potion":1},"minecraft:killed_by":{"undead_revamp2:the_moonflower":1,"born_in_chaos_v1:nightmare_stalker":2,"born_in_chaos_v1:corpse_fly":1,"iceandfire:fire_dragon":1,"iceandfire:deathworm":1,"iceandfire:lightning_dragon":1},"minecraft:killed":{"earthmobsmod:jumbo_rabbit":2,"born_in_chaos_v1:restless_spirit":1,"enemyexpansion:equestrian":1,"born_in_chaos_v1:siamese_skeletonsright":1,"born_in_chaos_v1:baby_skeleton_minion":1,"minecraft:skeleton":15,"born_in_chaos_v1:skeleton_thrasher":1,"minecraft:magma_cube":4,"luminousworld:hollow":4,"naturalist:firefly":1,"born_in_chaos_v1:dread_hound_not_despawn":1,"minecraft:zombie":7,"enemyexpansion:vampire":1,"born_in_chaos_v1:corpse_fly":9,"enemyexpansion:botfly":9,"iceandfire:lightning_dragon":1,"takesapillage:archer":1,"minecraft:cow":3,"undead_revamp2:theimmortal":2,"illagerinvasion:firecaller":1,"naturalist:duck":7,"born_in_chaos_v1:barrel_zombie":1,"enemyexpansion:scorpion":1,"naturalist:vulture":1,"minecraft:husk":2,"undead_revamp2:the_moonflower":3,"minecraft:wandering_trader":1,"born_in_chaos_v1:decrepit_skeleton":1,"born_in_chaos_v1:bloody_gadfly":1,"alexsmobs:crocodile":1,"iceandfire:ghost":3,"minecraft:enderman":1,"undead_revamp2:thewolf":1,"minecraft:witch":1,"minecraft:spider":1,"undead_revamp2:thesmoker":1,"minecraft:silverfish":8,"born_in_chaos_v1:firelight_not_despawn":1,"minecraft:pig":4,"minecraft:sheep":6,"minecraft:trader_llama":2,"alexsmobs:toucan":2,"alexsmobs:fly":3,"born_in_chaos_v1:siamese_skeletonsleft":1,"minecraft:blaze":6,"minecraft:slime":33,"enemyexpansion:direwolf":5,"born_in_chaos_v1:zombie_bruiser":1,"born_in_chaos_v1:maggot":5,"iceandfire:fire_dragon":2,"takesapillage:clay_golem":1,"naturalist:bass":2,"iceandfire:deathworm":1,"undead_revamp2:thehorrors":1,"undead_revamp2:sucker":1,"enemyexpansion:starved":1,"enemyexpansion:huntsman":1,"mutantmonsters:mutant_zombie":1,"minecraft:wither_skeleton":6,"enemyexpansion:slugger":1},"minecraft:picked_up":{"minecraft:birch_door":3,"minecraft:iron_chestplate":1,"iceandfire:copper_sword":1,"minecraft:flower_pot":1,"minecraft:anvil":1,"minecraft:lead":2,"minecraft:diamond_sword":1,"minecraft:oak_stairs":12,"minecraft:polished_deepslate_wall":5,"minecraft:amethyst_block":4,"minecraft:polished_deepslate":3,"minecraft:string":24,"minecraft:dark_oak_trapdoor":6,"minecraft:beetroot":28,"minecraft:diamond_leggings":1,"minecraft:gold_nugget":30,"minecraft:spruce_planks":14,"minecraft:coal_block":4,"minecraft:melon_slice":82,"minecraft:dark_oak_door":3,"born_in_chaos_v1:shattered_skull":2,"iceandfire:lightning_dragon_flesh":2,"minecraft:rabbit_foot":2,"quark:clear_shard":6,"born_in_chaos_v1:fried_maggot":3,"minecraft:yellow_banner":2,"minecraft:stone_sword":2,"luminousworld:grassflowers":37,"minecraft:light_gray_bed":1,"luminousworld:yellow_grassflowers":13,"minecraft:tropical_fish":2,"iceandfire:fire_dragon_heart":1,"supplementaries:ash":29,"minecraft:blaze_rod":4,"minecraft:oxidized_copper":1,"minecraft:feather":11,"minecraft:cooked_beef":3,"minecraft:iron_door":1,"minecraft:water_bucket":6,"minecraft:brown_wool":1,"minecraft:flint":3,"luminousworld:purple_petunias":16,"minecraft:map":1,"minecraft:gray_concrete":1,"minecraft:lantern":17,"born_in_chaos_v1:marigolds":4,"minecraft:stonecutter":1,"minecraft:dark_oak_sign":5,"minecraft:diamond_helmet":1,"minecraft:rabbit":1,"minecraft:glowstone_dust":2,"luminousworld:bass_item":1,"ecologics:prickly_pear":2,"minecraft:dropper":2,"iceandfire:dragon_skull_fire":3,"iceandfire:lightning_dragon_heart":1,"minecraft:barrel":4,"iceandfire:chared_cobblestone":1,"minecraft:polished_andesite":5,"minecraft:dispenser":4,"iceandfire:lectern":4,"luminousworld:yellowpetunias":17,"minecraft:chainmail_helmet":1,"minecraft:bread":4,"alexsmobs:maggot":2,"minecraft:dark_oak_fence":1,"iceandfire:raw_silver":12,"luminousworld:groundpebbles_1":49,"iceandfire:dragon_skull_lightning":1,"minecraft:mud":37,"minecraft:crafting_table":4,"minecraft:sandstone_slab":9,"iceandfire:witherbone":4,"minecraft:nether_wart":156,"minecraft:clay_ball":5,"minecraft:leather_leggings":3,"luminousworld:trout":1,"minecraft:yellow_candle":2,"minecraft:cornflower":4,"iceandfire:armor_green_leggings":1,"born_in_chaos_v1:intoxicating_decoction":2,"minecraft:iron_shovel":1,"luminousworld:palm_log":10,"minecraft:beef":6,"born_in_chaos_v1:gnawed_bones":3,"minecraft:poppy":4,"minecraft:chest":1,"minecraft:piston":1,"minecraft:sandstone":6,"minecraft:polished_deepslate_slab":4,"naturalist:duck":7,"luminousworld:blue_petunias":4,"minecraft:fire_charge":2,"minecraft:cake":2,"minecraft:carrot":61,"minecraft:mangrove_trapdoor":2,"minecraft:hay_block":15,"minecraft:sandstone_stairs":5,"tombstone:essence_of_undeath":2,"minecraft:gold_ingot":10,"minecraft:glow_berries":1,"minecraft:mutton":7,"minecraft:white_wool":2,"minecraft:oxeye_daisy":7,"minecraft:stripped_oak_log":1,"born_in_chaos_v1:monster_flesh":1,"minecraft:tripwire_hook":7,"minecraft:oak_log":21,"minecraft:paper":5,"minecraft:apple":19,"minecraft:stone_bricks":18,"iceandfire:pixie_jar_empty":2,"tombstone:bag_of_seeds":1,"minecraft:iron_sword":4,"minecraft:dark_oak_stairs":6,"minecraft:polished_andesite_stairs":4,"iceandfire:copper_nugget":82,"minecraft:smooth_basalt":2,"minecraft:dark_oak_slab":5,"minecraft:red_wool":1,"minecraft:gravel":24,"minecraft:leather_helmet":2,"iceandfire:dragonscales_copper":9,"minecraft:slime_ball":19,"born_in_chaos_v1:pile_of_skulls":1,"minecraft:oak_button":5,"minecraft:stripped_dark_oak_log":8,"minecraft:mangrove_propagule":2,"minecraft:hopper":1,"minecraft:wheat":7,"minecraft:iron_trapdoor":2,"aether:iron_gloves":1,"minecraft:potion":3,"minecraft:raw_copper":402,"minecraft:armor_stand":5,"minecraft:experience_bottle":1,"minecraft:red_sand":1,"minecraft:smooth_stone":2,"minecraft:rose_bush":3,"minecraft:calcite":62,"minecraft:smooth_quartz":8,"minecraft:iron_pickaxe":1,"minecraft:furnace":2,"minecraft:iron_boots":1,"minecraft:stick":6,"ecologics:walnut_log":13,"iceandfire:armor_copper_metal_leggings":1,"minecraft:torch":78,"minecraft:spruce_stairs":7,"minecraft:porkchop":6,"iceandfire:crackled_gravel":3,"minecraft:pointed_dripstone":50,"tombstone:grave_dust":7,"minecraft:diorite":10,"minecraft:cactus":3,"minecraft:rotten_flesh":46,"minecraft:obsidian":4,"undead_revamp2:arapholia":4,"minecraft:cobblestone":449,"minecraft:enchanting_table":1,"ecologics:walnut":1,"minecraft:leather_chestplate":1,"minecraft:repeater":1,"minecraft:andesite":4,"minecraft:chiseled_quartz_block":5,"minecraft:potato":6,"minecraft:dirt":2886,"minecraft:cut_sandstone_slab":3,"born_in_chaos_v1:monster_skin":2,"minecraft:leather_boots":4,"minecraft:bone":42,"minecraft:wheat_seeds":145,"minecraft:mossy_stone_bricks":1,"minecraft:cyan_candle":16,"minecraft:bamboo":2903,"minecraft:oak_planks":9,"minecraft:cooked_porkchop":2,"minecraft:sand":96,"minecraft:cyan_bed":1,"minecraft:chiseled_sandstone":10,"minecraft:mossy_cobblestone":5,"born_in_chaos_v1:fire_dust":1,"minecraft:soul_lantern":10,"minecraft:golden_apple":16,"minecraft:emerald":1,"iceandfire:silver_nugget":2,"minecraft:charcoal":8,"minecraft:azure_bluet":5,"born_in_chaos_v1:river_mint":20,"minecraft:ladder":3,"iceandfire:chain":1,"minecraft:cooked_rabbit":1,"alexsmobs:roadrunner_feather":2,"minecraft:stone_brick_wall":1,"minecraft:chain":1,"minecraft:shield":1,"minecraft:stone_stairs":10,"minecraft:iron_axe":1,"minecraft:item_frame":4,"minecraft:cyan_carpet":76,"ecologics:walnut_sapling":7,"minecraft:observer":2,"minecraft:light_gray_wool":2,"minecraft:lectern":1,"minecraft:sugar_cane":10,"minecraft:spruce_trapdoor":30,"iceandfire:dragonbone":31,"iceandfire:dragonscales_green":12,"minecraft:stripped_mangrove_wood":23,"minecraft:stone_button":12,"quark:birch_chest":1,"alexsmobs:crocodile_scute":1,"minecraft:dark_oak_planks":13,"minecraft:arrow":53,"minecraft:pumpkin_pie":6,"minecraft:stripped_dark_oak_wood":2,"minecraft:glistering_melon_slice":9,"minecraft:brick_stairs":2,"born_in_chaos_v1:fused_bone":2,"born_in_chaos_v1:corpse_maggot":17,"minecraft:cut_sandstone":4,"minecraft:leather":8,"minecraft:chainmail_chestplate":5,"minecraft:orange_terracotta":2,"minecraft:cooked_mutton":8,"naturalist:bass":2,"minecraft:gray_carpet":59,"minecraft:rabbit_hide":5,"minecraft:iron_ingot":4,"luminousworld:white_petunias":7,"iceandfire:fire_dragon_flesh":6,"minecraft:soul_sand":15,"minecraft:book":228,"minecraft:oak_slab":1,"iceandfire:ash":1,"minecraft:dandelion":24,"luminousworld:sunset_petunias":6,"minecraft:amethyst_shard":2,"minecraft:blast_furnace":2,"minecraft:brick_slab":1,"minecraft:honey_block":1,"minecraft:iron_helmet":2,"minecraft:mossy_cobblestone_stairs":2,"minecraft:black_wool":1,"minecraft:coal":61},"minecraft:broken":{"minecraft:iron_boots":2,"minecraft:iron_chestplate":1,"minecraft:iron_sword":1,"aether:iron_gloves":1,"minecraft:iron_pickaxe":3,"minecraft:iron_helmet":1,"vanillaplustools:stone_shovel":2,"minecraft:iron_shovel":1,"minecraft:wooden_axe":1,"minecraft:stone_shovel":2},"minecraft:custom":{"minecraft:interact_with_crafting_table":93,"minecraft:open_barrel":32,"minecraft:eat_cake_slice":23,"minecraft:leave_game":5,"minecraft:time_since_death":444959,"minecraft:damage_blocked_by_shield":150,"minecraft:play_time":654590,"minecraft:deaths":10,"minecraft:jump":11577,"minecraft:interact_with_furnace":49,"minecraft:sleep_in_bed":40,"minecraft:damage_dealt":34944,"tombstone:undead_killed":59,"minecraft:use_cauldron":3,"minecraft:inspect_dispenser":12,"minecraft:horse_one_cm":315849,"minecraft:inspect_dropper":1,"minecraft:interact_with_anvil":4,"minecraft:inspect_hopper":1,"minecraft:sneak_time":15853,"minecraft:interact_with_blast_furnace":1,"minecraft:total_world_time":654590,"tombstone:raider_killed":2,"minecraft:interact_with_stonecutter":1,"minecraft:time_since_rest":8560,"tombstone:cast_on_ally":0,"minecraft:swim_one_cm":250773,"minecraft:fly_one_cm":2762231,"minecraft:open_chest":375,"minecraft:fall_one_cm":320440,"minecraft:animals_bred":4,"minecraft:sprint_one_cm":1474767,"minecraft:drop":214,"minecraft:walk_on_water_one_cm":107488,"minecraft:crouch_one_cm":57727,"tombstone:villager_killed":1,"minecraft:mob_kills":195,"minecraft:fill_cauldron":3,"minecraft:interact_with_campfire":23,"minecraft:damage_dealt_resisted":2138,"minecraft:climb_one_cm":64911,"minecraft:walk_one_cm":2182151,"minecraft:walk_under_water_one_cm":72308,"minecraft:boat_one_cm":71460,"minecraft:damage_taken":14719,"minecraft:damage_absorbed":311,"minecraft:trigger_trapped_chest":5},"minecraft:mined":{"minecraft:potted_pink_tulip":1,"minecraft:jungle_leaves":1,"minecraft:obsidian":4,"minecraft:light_gray_bed":1,"minecraft:coal_block":4,"minecraft:hopper":1,"minecraft:nether_wart":46,"minecraft:oxeye_daisy":2,"minecraft:spawner":7,"minecraft:mossy_cobblestone_stairs":2,"minecraft:dark_oak_trapdoor":6,"minecraft:fire":57,"minecraft:barrel":4,"minecraft:stripped_dark_oak_wood":2,"minecraft:enchanting_table":1,"minecraft:cave_vines":1,"minecraft:polished_deepslate_slab":4,"iceandfire:gold_pile":1,"minecraft:oak_stairs":8,"minecraft:stripped_mangrove_wood":23,"minecraft:tripwire":21,"minecraft:sandstone_slab":2,"minecraft:torch":16,"minecraft:blast_furnace":2,"minecraft:oxidized_copper":1,"minecraft:melon":15,"minecraft:polished_andesite_stairs":4,"minecraft:dead_bush":2,"minecraft:glass":2,"minecraft:cyan_bed":2,"minecraft:sugar_cane":6,"minecraft:amethyst_block":2,"minecraft:repeater":1,"minecraft:mud":39,"minecraft:birch_door":3,"minecraft:grass":495,"quark:birch_chest":1,"minecraft:smooth_quartz":4,"luminousworld:grassvariant_3":77,"minecraft:smooth_basalt":2,"luminousworld:palm_log":10,"minecraft:stonecutter":1,"minecraft:piston":1,"minecraft:light_blue_stained_glass_pane":2,"iceandfire:silver_ore":12,"minecraft:mossy_cobblestone":5,"minecraft:dark_oak_fence":1,"luminousworld:grassvariant_2":110,"born_in_chaos_v1:gnawed_bones":2,"placeablesmod:water_bucket_block":6,"minecraft:andesite":4,"minecraft:potatoes":1,"minecraft:vine":8,"minecraft:bamboo_sapling":37,"luminousworld:groundpebbles_2":4,"minecraft:bamboo":308,"minecraft:gray_concrete":1,"minecraft:glass_pane":3,"minecraft:hanging_roots":1,"minecraft:soul_sand":15,"minecraft:observer":2,"minecraft:dandelion":6,"minecraft:cornflower":1,"ecologics:walnut_leaves":8,"minecraft:dropper":2,"minecraft:campfire":4,"luminousworld:grassflowers":7,"minecraft:tall_grass":21,"minecraft:copper_ore":117,"minecraft:diorite":10,"minecraft:coarse_dirt":4,"minecraft:gravel":25,"minecraft:stone_bricks":16,"minecraft:iron_trapdoor":2,"minecraft:fern":5,"undead_revamp2:arapholia":2,"luminousworld:white_petunias":5,"minecraft:spruce_planks":14,"luminousworld:yellowpetunias":6,"placeablesmod:melon_block_1":1,"minecraft:spruce_trapdoor":24,"minecraft:budding_amethyst":2,"minecraft:grass_block":1629,"minecraft:infested_cobblestone":13,"iceandfire:lectern":4,"born_in_chaos_v1:pile_of_skulls":1,"supplementaries:ash":1,"minecraft:anvil":1,"minecraft:azure_bluet":1,"minecraft:dark_oak_stairs":6,"minecraft:pointed_dripstone":7,"minecraft:flowering_azalea_leaves":1,"minecraft:potted_cornflower":1,"ecologics:walnut_log":14,"iceandfire:chared_cobblestone":1,"luminousworld:purple_petunias":7,"minecraft:soul_lantern":7,"minecraft:chiseled_quartz_block":4,"minecraft:calcite":62,"minecraft:chest":1,"minecraft:cobblestone":22,"minecraft:oak_planks":9,"minecraft:iron_door":1,"minecraft:wall_torch":35,"minecraft:stone_stairs":10,"minecraft:dark_oak_slab":5,"minecraft:dark_oak_door":2,"born_in_chaos_v1:river_mint":11,"minecraft:oak_log":20,"minecraft:sand":69,"minecraft:dirt":1497,"minecraft:tripwire_hook":5,"minecraft:dispenser":4,"minecraft:polished_deepslate_wall":5,"minecraft:oak_leaves":10,"minecraft:cyan_candle":6,"luminousworld:groundpebbles_1":13,"luminousworld:blue_petunias":3,"minecraft:yellow_candle":1,"minecraft:mangrove_trapdoor":2,"minecraft:birch_slab":2,"minecraft:mangrove_propagule":3,"minecraft:sandstone":1,"minecraft:hay_block":16,"luminousworld:sunset_petunias":4,"minecraft:carrots":15,"minecraft:furnace":2,"luminousworld:yellow_grassflowers":1,"minecraft:chiseled_sandstone":4,"minecraft:polished_deepslate":3,"minecraft:bookshelf":79,"minecraft:lantern":11,"minecraft:stone":430,"iceandfire:pixie_jar_empty":2,"minecraft:red_wool":1,"minecraft:stripped_dark_oak_log":8,"minecraft:spruce_door":2,"minecraft:crafting_table":4,"minecraft:honey_block":1,"minecraft:lectern":1,"minecraft:spruce_stairs":11,"minecraft:cactus":1,"iceandfire:ash":1,"minecraft:coal_ore":51,"minecraft:cyan_carpet":29,"minecraft:gray_carpet":20,"minecraft:polished_andesite":5,"minecraft:mossy_stone_bricks":2}},"DataVersion":3465}