{"stats":{"minecraft:mined":{"minecraft:glass_pane":2,"minecraft:hanging_roots":1,"minecraft:mossy_cobblestone":2,"minecraft:observer":2,"minecraft:crafting_table":1,"minecraft:honey_block":1,"minecraft:yellow_candle":1,"minecraft:dropper":2,"minecraft:infested_cobblestone":12,"minecraft:melon":9,"minecraft:cobblestone":5,"minecraft:sugar_cane":6,"minecraft:mangrove_propagule":3,"minecraft:mossy_cobblestone_stairs":1,"minecraft:mud":39,"minecraft:grass":17,"minecraft:pointed_dripstone":4,"minecraft:bookshelf":23,"minecraft:oak_log":13,"minecraft:vine":4,"minecraft:lantern":1,"minecraft:tripwire_hook":2,"minecraft:bamboo":1,"luminousworld:groundpebbles_2":1,"minecraft:dispenser":4,"minecraft:stone_bricks":5,"minecraft:mossy_stone_bricks":2,"minecraft:oak_leaves":9,"minecraft:tripwire":18,"minecraft:fern":2},"minecraft:custom":{"minecraft:inspect_dropper":1,"minecraft:mob_kills":9,"minecraft:interact_with_crafting_table":5,"minecraft:leave_game":1,"minecraft:time_since_death":26801,"minecraft:climb_one_cm":6931,"minecraft:time_since_rest":24402,"minecraft:sprint_one_cm":49143,"minecraft:damage_taken":1390,"minecraft:walk_one_cm":133718,"minecraft:drop":7,"minecraft:damage_dealt":1122,"minecraft:swim_one_cm":8738,"minecraft:fly_one_cm":126193,"minecraft:open_chest":8,"minecraft:crouch_one_cm":7033,"minecraft:play_time":48756,"tombstone:undead_killed":1,"minecraft:deaths":2,"minecraft:sneak_time":2118,"minecraft:walk_under_water_one_cm":476,"minecraft:jump":482,"minecraft:walk_on_water_one_cm":8755,"minecraft:total_world_time":48756,"minecraft:fall_one_cm":11754,"minecraft:inspect_dispenser":9},"minecraft:crafted":{"minecraft:wooden_sword":1,"minecraft:oak_planks":52,"minecraft:crafting_table":2,"minecraft:bread":2,"minecraft:stick":8,"minecraft:iron_pickaxe":1,"minecraft:wooden_axe":1,"minecraft:stone_sword":1},"minecraft:picked_up":{"minecraft:mud":37,"luminousworld:groundpebbles_1":1,"minecraft:crafting_table":1,"minecraft:tripwire_hook":2,"minecraft:potion":2,"minecraft:oak_log":13,"minecraft:yellow_candle":2,"minecraft:string":18,"minecraft:lantern":3,"minecraft:iron_shovel":1,"minecraft:stone_bricks":5,"minecraft:wheat_seeds":1,"minecraft:observer":2,"minecraft:mossy_stone_bricks":1,"minecraft:bamboo":7,"minecraft:melon_slice":44,"minecraft:sugar_cane":10,"minecraft:book":66,"minecraft:dropper":2,"minecraft:pointed_dripstone":46,"minecraft:mossy_cobblestone":2,"minecraft:stone_sword":2,"minecraft:dispenser":4,"minecraft:rotten_flesh":1,"minecraft:honey_block":1,"minecraft:mossy_cobblestone_stairs":1,"minecraft:glow_berries":1,"minecraft:mangrove_propagule":2,"minecraft:cobblestone":3},"minecraft:used":{"minecraft:stone_sword":20,"minecraft:iron_shovel":39,"minecraft:oak_planks":1,"minecraft:rotten_flesh":1,"minecraft:glow_berries":1,"minecraft:mossy_cobblestone":1,"minecraft:crafting_table":3,"minecraft:red_mushroom":1,"minecraft:yellow_candle":2,"minecraft:mossy_cobblestone_stairs":1,"minecraft:mud":3,"minecraft:wooden_axe":11,"minecraft:lantern":2,"minecraft:melon_slice":43,"minecraft:iron_pickaxe":42,"minecraft:stone_bricks":5,"minecraft:potion":2,"alexsmobs:animal_dictionary":1,"tombstone:gift":1,"minecraft:pointed_dripstone":7},"minecraft:dropped":{"minecraft:sugar_cane":1,"minecraft:mossy_cobblestone":1,"minecraft:glass_bottle":2,"minecraft:mangrove_propagule":2,"luminousworld:groundpebbles_1":1,"minecraft:mossy_stone_bricks":1},"minecraft:killed":{"minecraft:silverfish":7,"undead_revamp2:sucker":1},"minecraft:killed_by":{"born_in_chaos_v1:corpse_fly":1}},"DataVersion":3465}