{"stats":{"minecraft:mined":{"minecraft:glass_pane":2,"minecraft:hanging_roots":1,"minecraft:mossy_cobblestone":5,"minecraft:jungle_leaves":1,"minecraft:observer":2,"minecraft:crafting_table":2,"minecraft:honey_block":1,"minecraft:yellow_candle":1,"minecraft:dropper":2,"minecraft:infested_cobblestone":13,"minecraft:melon":15,"minecraft:light_gray_bed":1,"minecraft:cobblestone":8,"minecraft:birch_slab":1,"minecraft:sandstone":1,"minecraft:sugar_cane":6,"minecraft:diorite":1,"minecraft:mangrove_propagule":3,"minecraft:mossy_cobblestone_stairs":1,"minecraft:mud":39,"minecraft:cave_vines":1,"minecraft:grass":18,"minecraft:pointed_dripstone":7,"minecraft:bookshelf":23,"minecraft:oak_log":13,"minecraft:vine":4,"minecraft:lantern":2,"minecraft:dirt":2,"minecraft:tripwire_hook":2,"minecraft:bamboo":1,"luminousworld:groundpebbles_2":1,"minecraft:dispenser":4,"minecraft:stone_bricks":7,"minecraft:mossy_stone_bricks":2,"minecraft:oak_leaves":9,"minecraft:tripwire":18,"minecraft:fern":3},"minecraft:custom":{"minecraft:inspect_dropper":1,"minecraft:mob_kills":16,"minecraft:interact_with_crafting_table":7,"minecraft:leave_game":1,"minecraft:time_since_death":7623,"minecraft:sleep_in_bed":1,"minecraft:climb_one_cm":7442,"minecraft:time_since_rest":3942,"minecraft:sprint_one_cm":82251,"minecraft:damage_taken":2035,"minecraft:walk_one_cm":166719,"minecraft:trigger_trapped_chest":1,"minecraft:drop":17,"minecraft:damage_dealt":2153,"minecraft:swim_one_cm":9914,"minecraft:fly_one_cm":159946,"minecraft:open_chest":13,"minecraft:crouch_one_cm":7791,"minecraft:play_time":60756,"tombstone:undead_killed":1,"minecraft:deaths":3,"minecraft:sneak_time":2280,"minecraft:walk_under_water_one_cm":1902,"minecraft:boat_one_cm":37305,"minecraft:jump":639,"minecraft:walk_on_water_one_cm":9537,"minecraft:total_world_time":60756,"minecraft:fall_one_cm":15902,"minecraft:inspect_dispenser":10},"minecraft:crafted":{"minecraft:wooden_sword":1,"minecraft:oak_planks":52,"minecraft:crafting_table":3,"minecraft:bread":2,"minecraft:oak_boat":1,"minecraft:stick":8,"minecraft:iron_pickaxe":1,"minecraft:wooden_axe":1,"minecraft:stone_sword":1},"minecraft:picked_up":{"born_in_chaos_v1:corpse_maggot":7,"minecraft:mud":37,"luminousworld:groundpebbles_1":1,"minecraft:crafting_table":2,"minecraft:tripwire_hook":2,"minecraft:potion":2,"minecraft:oak_log":13,"minecraft:yellow_candle":2,"minecraft:dirt":2,"minecraft:string":18,"minecraft:lantern":4,"minecraft:iron_shovel":1,"minecraft:stone_bricks":7,"minecraft:wheat_seeds":3,"minecraft:observer":2,"minecraft:mossy_stone_bricks":1,"minecraft:bamboo":7,"minecraft:melon_slice":81,"minecraft:sugar_cane":10,"minecraft:iron_sword":1,"minecraft:book":66,"minecraft:sandstone":1,"minecraft:dropper":2,"minecraft:pointed_dripstone":50,"minecraft:diorite":1,"minecraft:light_gray_bed":1,"minecraft:mossy_cobblestone":5,"minecraft:stone_sword":2,"minecraft:dispenser":4,"minecraft:rotten_flesh":1,"minecraft:honey_block":1,"minecraft:mossy_cobblestone_stairs":1,"minecraft:glow_berries":1,"minecraft:mangrove_propagule":2,"minecraft:cobblestone":7},"minecraft:used":{"minecraft:stone_sword":44,"minecraft:iron_shovel":39,"minecraft:oak_planks":1,"minecraft:iron_sword":1,"minecraft:rotten_flesh":4,"minecraft:glow_berries":1,"minecraft:mossy_cobblestone":3,"minecraft:dirt":2,"minecraft:crafting_table":4,"minecraft:red_mushroom":1,"minecraft:yellow_candle":2,"minecraft:mossy_cobblestone_stairs":1,"born_in_chaos_v1:corpse_maggot":2,"minecraft:mud":3,"minecraft:wooden_axe":22,"minecraft:lantern":3,"minecraft:bread":2,"minecraft:melon_slice":57,"minecraft:iron_pickaxe":58,"minecraft:stone_bricks":6,"minecraft:cobblestone":4,"minecraft:potion":2,"minecraft:oak_boat":1,"supplementaries:bamboo_spikes":1,"alexsmobs:animal_dictionary":1,"tombstone:gift":1,"minecraft:pointed_dripstone":11},"minecraft:dropped":{"minecraft:sugar_cane":1,"minecraft:wheat_seeds":3,"minecraft:stone_sword":1,"minecraft:mossy_cobblestone":2,"minecraft:glass_bottle":2,"minecraft:mangrove_propagule":2,"alexsmobs:ancient_dart":2,"minecraft:diorite":1,"luminousworld:groundpebbles_1":1,"minecraft:mossy_stone_bricks":1,"minecraft:wooden_sword":1,"minecraft:stone_bricks":1},"minecraft:killed":{"born_in_chaos_v1:corpse_fly":6,"minecraft:silverfish":8,"undead_revamp2:sucker":1},"minecraft:killed_by":{"born_in_chaos_v1:corpse_fly":1}},"DataVersion":3465}