{"stats":{"minecraft:mined":{"minecraft:grass":6,"minecraft:yellow_candle":1,"minecraft:bookshelf":23,"minecraft:vine":2,"minecraft:glass_pane":2,"minecraft:sugar_cane":6,"minecraft:oak_leaves":1},"minecraft:custom":{"minecraft:open_chest":3,"minecraft:time_since_rest":402,"minecraft:damage_taken":570,"minecraft:crouch_one_cm":129,"minecraft:play_time":24756,"minecraft:sprint_one_cm":23424,"minecraft:deaths":2,"tombstone:undead_killed":1,"minecraft:walk_one_cm":30700,"minecraft:sneak_time":292,"minecraft:walk_under_water_one_cm":476,"minecraft:mob_kills":1,"minecraft:drop":1,"minecraft:jump":239,"minecraft:damage_dealt":214,"minecraft:leave_game":1,"minecraft:time_since_death":2801,"minecraft:walk_on_water_one_cm":8755,"minecraft:climb_one_cm":5392,"minecraft:total_world_time":24756,"minecraft:swim_one_cm":8738,"minecraft:fall_one_cm":5410,"minecraft:fly_one_cm":99316},"minecraft:picked_up":{"minecraft:book":66,"minecraft:rotten_flesh":1,"minecraft:potion":2,"minecraft:yellow_candle":2,"minecraft:sugar_cane":9,"minecraft:lantern":1},"minecraft:used":{"minecraft:potion":1,"alexsmobs:animal_dictionary":1,"tombstone:gift":1,"minecraft:yellow_candle":2,"minecraft:rotten_flesh":1},"minecraft:dropped":{"minecraft:glass_bottle":1},"minecraft:killed":{"undead_revamp2:sucker":1},"minecraft:killed_by":{"born_in_chaos_v1:corpse_fly":1}},"DataVersion":3465}