{"stats":{"minecraft:broken":{"minecraft:iron_pickaxe":1},"minecraft:custom":{"minecraft:inspect_dropper":1,"minecraft:interact_with_anvil":1,"minecraft:mob_kills":70,"minecraft:animals_bred":2,"minecraft:interact_with_crafting_table":18,"minecraft:damage_dealt_resisted":2109,"minecraft:leave_game":1,"minecraft:time_since_death":70669,"minecraft:climb_one_cm":39166,"minecraft:sprint_one_cm":306606,"minecraft:walk_one_cm":482057,"minecraft:damage_blocked_by_shield":150,"minecraft:drop":44,"minecraft:play_time":168756,"minecraft:deaths":8,"minecraft:sneak_time":4411,"minecraft:walk_under_water_one_cm":10543,"minecraft:boat_one_cm":71460,"minecraft:jump":2816,"minecraft:walk_on_water_one_cm":28655,"minecraft:total_world_time":168756,"minecraft:interact_with_furnace":27,"tombstone:raider_killed":1,"minecraft:interact_with_stonecutter":1,"minecraft:sleep_in_bed":6,"minecraft:time_since_rest":11910,"minecraft:damage_taken":5403,"minecraft:damage_absorbed":41,"minecraft:trigger_trapped_chest":1,"minecraft:damage_dealt":12624,"tombstone:cast_on_ally":0,"minecraft:swim_one_cm":43590,"minecraft:fly_one_cm":698267,"minecraft:open_chest":92,"minecraft:crouch_one_cm":14894,"tombstone:undead_killed":29,"minecraft:fall_one_cm":73125,"minecraft:inspect_dispenser":12,"minecraft:horse_one_cm":8296},"minecraft:picked_up":{"luminousworld:groundpebbles_1":1,"minecraft:mud":37,"minecraft:iron_chestplate":1,"minecraft:crafting_table":2,"minecraft:wheat":3,"minecraft:clay_ball":5,"luminousworld:trout":1,"minecraft:potion":2,"minecraft:yellow_candle":2,"minecraft:shield":1,"minecraft:string":22,"minecraft:raw_copper":402,"born_in_chaos_v1:intoxicating_decoction":2,"minecraft:iron_shovel":1,"luminousworld:palm_log":10,"minecraft:gold_nugget":12,"minecraft:observer":2,"minecraft:smooth_quartz":8,"minecraft:melon_slice":82,"minecraft:sugar_cane":10,"minecraft:piston":1,"minecraft:furnace":2,"minecraft:sandstone":3,"naturalist:duck":7,"born_in_chaos_v1:shattered_skull":2,"minecraft:torch":10,"minecraft:porkchop":5,"tombstone:grave_dust":1,"quark:birch_chest":1,"minecraft:pointed_dripstone":50,"minecraft:diorite":1,"alexsmobs:crocodile_scute":1,"minecraft:cactus":3,"minecraft:arrow":17,"minecraft:stone_sword":2,"minecraft:rotten_flesh":19,"minecraft:light_gray_bed":1,"minecraft:hay_block":5,"tombstone:essence_of_undeath":1,"supplementaries:ash":1,"minecraft:glow_berries":1,"minecraft:cobblestone":11,"born_in_chaos_v1:fused_bone":2,"born_in_chaos_v1:corpse_maggot":9,"minecraft:oxidized_copper":1,"minecraft:feather":7,"minecraft:iron_door":1,"minecraft:tripwire_hook":4,"minecraft:chiseled_quartz_block":5,"minecraft:oak_log":18,"minecraft:gray_concrete":1,"minecraft:map":1,"minecraft:dirt":2,"minecraft:paper":5,"minecraft:cut_sandstone_slab":1,"minecraft:lantern":7,"born_in_chaos_v1:marigolds":4,"naturalist:bass":2,"minecraft:bone":31,"minecraft:stone_bricks":7,"minecraft:stonecutter":1,"minecraft:wheat_seeds":3,"minecraft:iron_ingot":4,"tombstone:bag_of_seeds":1,"minecraft:mossy_stone_bricks":1,"minecraft:bamboo":106,"minecraft:iron_sword":2,"minecraft:book":66,"luminousworld:bass_item":1,"ecologics:prickly_pear":1,"iceandfire:ash":1,"minecraft:dropper":2,"minecraft:sand":52,"minecraft:chiseled_sandstone":1,"iceandfire:chared_cobblestone":1,"minecraft:mossy_cobblestone":5,"minecraft:dispenser":4,"minecraft:honey_block":1,"minecraft:mossy_cobblestone_stairs":1,"minecraft:bread":4,"iceandfire:raw_silver":9,"minecraft:mangrove_propagule":2,"minecraft:coal":42},"minecraft:crafted":{"naturalist:cooked_duck":7,"minecraft:wooden_sword":1,"minecraft:oak_planks":52,"minecraft:fishing_rod":1,"naturalist:cooked_bass":2,"born_in_chaos_v1:fried_maggot":5,"minecraft:copper_block":10,"luminousworld:palmplank":12,"minecraft:wheat":45,"luminousworld:cooked_bass":1,"minecraft:cooked_porkchop":5,"minecraft:crafting_table":3,"minecraft:iron_sword":1,"luminousworld:cooked_trout":1,"minecraft:copper_ingot":103,"aether:iron_gloves":2,"minecraft:bread":20,"minecraft:air":0,"minecraft:oak_boat":1,"minecraft:shield":1,"minecraft:stick":28,"minecraft:iron_pickaxe":2,"minecraft:wooden_axe":1,"minecraft:iron_block":3,"minecraft:stone_sword":1,"iceandfire:dragonarmor_copper_head":1,"minecraft:anvil":1,"minecraft:torch":60},"minecraft:mined":{"minecraft:light_blue_stained_glass_pane":2,"minecraft:potted_pink_tulip":1,"iceandfire:silver_ore":9,"minecraft:mossy_cobblestone":5,"minecraft:jungle_leaves":1,"placeablesmod:melon_block_1":1,"minecraft:yellow_candle":1,"minecraft:infested_cobblestone":13,"minecraft:light_gray_bed":1,"minecraft:birch_slab":2,"minecraft:mangrove_propagule":3,"minecraft:sandstone":1,"minecraft:spawner":4,"minecraft:hay_block":6,"minecraft:furnace":2,"minecraft:mossy_cobblestone_stairs":1,"minecraft:fire":9,"minecraft:chiseled_sandstone":3,"iceandfire:gold_pile":1,"minecraft:bookshelf":23,"minecraft:pointed_dripstone":7,"minecraft:cave_vines":1,"minecraft:vine":6,"minecraft:lantern":5,"luminousworld:groundpebbles_2":1,"minecraft:bamboo":15,"minecraft:stone":4,"iceandfire:chared_cobblestone":1,"minecraft:tripwire":21,"minecraft:gray_concrete":1,"minecraft:glass_pane":2,"minecraft:hanging_roots":1,"minecraft:observer":2,"minecraft:chiseled_quartz_block":4,"minecraft:torch":1,"minecraft:crafting_table":2,"minecraft:oxidized_copper":1,"minecraft:honey_block":1,"minecraft:melon":15,"minecraft:dropper":2,"minecraft:dead_bush":2,"minecraft:copper_ore":117,"minecraft:cobblestone":8,"minecraft:sugar_cane":6,"minecraft:diorite":1,"minecraft:iron_door":1,"minecraft:wall_torch":7,"minecraft:cactus":1,"minecraft:mud":39,"iceandfire:ash":1,"minecraft:grass":20,"quark:birch_chest":1,"minecraft:coal_ore":36,"minecraft:oak_log":18,"minecraft:smooth_quartz":4,"minecraft:sand":32,"minecraft:dirt":2,"luminousworld:palm_log":10,"minecraft:stonecutter":1,"minecraft:stone_bricks":7,"minecraft:tripwire_hook":2,"minecraft:dispenser":4,"minecraft:mossy_stone_bricks":2,"minecraft:piston":1,"minecraft:oak_leaves":9,"minecraft:fern":3},"minecraft:used":{"minecraft:stone_sword":44,"quark:birch_chest":1,"minecraft:iron_shovel":71,"minecraft:shield":5,"minecraft:iron_sword":334,"born_in_chaos_v1:fried_maggot":5,"minecraft:rotten_flesh":4,"minecraft:torch":35,"minecraft:dirt":2,"minecraft:anvil":1,"naturalist:cooked_bass":2,"minecraft:yellow_candle":2,"ecologics:prickly_pear":1,"minecraft:mossy_cobblestone_stairs":1,"born_in_chaos_v1:corpse_maggot":2,"minecraft:wooden_axe":31,"tombstone:tablet_of_cupidity":1,"minecraft:lantern":7,"minecraft:iron_helmet":2,"minecraft:stone_bricks":6,"minecraft:bamboo":111,"minecraft:oxidized_copper":1,"minecraft:furnace":2,"tombstone:gift":4,"minecraft:pointed_dripstone":11,"minecraft:water_bucket":5,"minecraft:oak_planks":1,"minecraft:cactus":3,"minecraft:sandstone":1,"minecraft:stonecutter":1,"minecraft:golden_apple":1,"minecraft:glow_berries":1,"minecraft:mossy_cobblestone":3,"minecraft:sand":52,"tombstone:scroll_of_feather_fall":1,"minecraft:cut_sandstone_slab":1,"minecraft:crafting_table":4,"minecraft:red_mushroom":1,"minecraft:crossbow":3,"minecraft:chiseled_quartz_block":3,"minecraft:gray_concrete":1,"luminousworld:cooked_bass":1,"minecraft:redstone_torch":5,"minecraft:mud":3,"minecraft:melon_slice":78,"minecraft:bread":25,"minecraft:map":1,"minecraft:iron_pickaxe":252,"minecraft:iron_door":1,"luminousworld:palmplank":6,"minecraft:fishing_rod":3,"minecraft:cobblestone":8,"minecraft:potion":2,"naturalist:cooked_duck":7,"luminousworld:cooked_trout":1,"minecraft:bucket":6,"supplementaries:bamboo_spikes":1,"alexsmobs:animal_dictionary":1,"minecraft:oak_boat":1,"minecraft:experience_bottle":1,"minecraft:splash_potion":1},"minecraft:dropped":{"minecraft:piston":1,"minecraft:wheat_seeds":3,"minecraft:mossy_cobblestone":2,"minecraft:glass_bottle":2,"minecraft:mangrove_propagule":2,"minecraft:feather":7,"minecraft:cobblestone":1,"minecraft:book":9,"minecraft:diorite":1,"minecraft:wooden_axe":1,"minecraft:smooth_quartz":8,"minecraft:gold_nugget":12,"minecraft:wooden_sword":1,"iceandfire:ash":1,"minecraft:tripwire_hook":4,"minecraft:bone":1,"minecraft:chiseled_sandstone":1,"minecraft:sugar_cane":1,"minecraft:chiseled_quartz_block":2,"minecraft:stone_sword":1,"minecraft:clay_ball":5,"minecraft:rotten_flesh":18,"alexsmobs:ancient_dart":2,"minecraft:filled_map":1,"iceandfire:chared_cobblestone":1,"luminousworld:groundpebbles_1":1,"minecraft:light_gray_bed":1,"born_in_chaos_v1:corpse_maggot":2,"minecraft:mossy_stone_bricks":1,"minecraft:stone_bricks":1,"minecraft:sandstone":2,"born_in_chaos_v1:marigolds":4},"minecraft:killed":{"minecraft:spider":1,"undead_revamp2:thesmoker":1,"enemyexpansion:direwolf":2,"born_in_chaos_v1:siamese_skeletonsright":1,"naturalist:duck":7,"born_in_chaos_v1:baby_skeleton_minion":1,"minecraft:skeleton":13,"takesapillage:clay_golem":1,"naturalist:bass":2,"born_in_chaos_v1:skeleton_thrasher":1,"minecraft:silverfish":8,"iceandfire:deathworm":1,"undead_revamp2:sucker":1,"enemyexpansion:scorpion":1,"enemyexpansion:starved":1,"naturalist:vulture":1,"minecraft:magma_cube":4,"minecraft:husk":1,"minecraft:pig":3,"luminousworld:hollow":3,"undead_revamp2:the_moonflower":1,"born_in_chaos_v1:decrepit_skeleton":1,"minecraft:zombie":3,"alexsmobs:crocodile":1,"born_in_chaos_v1:corpse_fly":6,"takesapillage:archer":1,"born_in_chaos_v1:siamese_skeletonsleft":1},"minecraft:killed_by":{"undead_revamp2:the_moonflower":1,"iceandfire:deathworm":1,"born_in_chaos_v1:nightmare_stalker":2,"born_in_chaos_v1:corpse_fly":1}},"DataVersion":3465}