{"stats":{"minecraft:custom":{"minecraft:animals_bred":4,"minecraft:interact_with_crafting_table":57,"minecraft:open_barrel":11,"minecraft:eat_cake_slice":14,"minecraft:leave_game":4,"minecraft:time_since_death":204472,"minecraft:sprint_one_cm":927513,"minecraft:damage_blocked_by_shield":150,"minecraft:drop":98,"minecraft:play_time":414103,"minecraft:deaths":10,"minecraft:jump":7104,"minecraft:walk_on_water_one_cm":67521,"minecraft:interact_with_furnace":35,"minecraft:sleep_in_bed":21,"minecraft:damage_dealt":22122,"minecraft:crouch_one_cm":32461,"tombstone:undead_killed":42,"minecraft:inspect_dispenser":12,"minecraft:horse_one_cm":315849,"minecraft:inspect_dropper":1,"minecraft:interact_with_anvil":2,"minecraft:mob_kills":150,"minecraft:interact_with_campfire":15,"minecraft:damage_dealt_resisted":2138,"minecraft:climb_one_cm":59854,"minecraft:walk_one_cm":1321625,"minecraft:sneak_time":8763,"minecraft:walk_under_water_one_cm":48419,"minecraft:boat_one_cm":71460,"minecraft:interact_with_blast_furnace":1,"minecraft:total_world_time":414103,"tombstone:raider_killed":2,"minecraft:interact_with_stonecutter":1,"minecraft:time_since_rest":10575,"minecraft:damage_taken":9962,"minecraft:damage_absorbed":66,"minecraft:trigger_trapped_chest":5,"tombstone:cast_on_ally":0,"minecraft:swim_one_cm":226713,"minecraft:fly_one_cm":1732069,"minecraft:open_chest":193,"minecraft:fall_one_cm":199147},"minecraft:dropped":{"minecraft:iron_sword":1,"minecraft:piston":1,"minecraft:glass_bottle":2,"minecraft:sandstone_stairs":6,"minecraft:sandstone_slab":2,"minecraft:cut_sandstone_slab":2,"minecraft:leather_helmet":2,"born_in_chaos_v1:monster_flesh":1,"alexsmobs:roadrunner_feather":2,"born_in_chaos_v1:monster_skin":1,"minecraft:chain":1,"minecraft:wooden_sword":1,"minecraft:gold_nugget":12,"iceandfire:ash":1,"minecraft:sand":4,"minecraft:dark_oak_planks":13,"minecraft:bone":2,"minecraft:dark_oak_door":1,"minecraft:sugar_cane":1,"minecraft:rotten_flesh":32,"ecologics:prickly_pear":1,"minecraft:chainmail_chestplate":2,"supplementaries:ash":12,"luminousworld:grassflowers":2,"born_in_chaos_v1:corpse_maggot":5,"minecraft:leather_boots":3,"minecraft:ladder":2,"minecraft:yellow_banner":2,"minecraft:leather_leggings":2,"minecraft:arrow":1,"born_in_chaos_v1:marigolds":4,"luminousworld:sunset_petunias":1,"minecraft:wheat_seeds":14,"minecraft:mossy_cobblestone":2,"minecraft:mangrove_propagule":2,"minecraft:feather":7,"minecraft:cobblestone":1,"minecraft:book":9,"minecraft:tropical_fish":2,"minecraft:diorite":1,"minecraft:wooden_axe":1,"minecraft:smooth_quartz":8,"minecraft:tripwire_hook":4,"minecraft:chiseled_sandstone":9,"minecraft:dandelion":1,"iceandfire:dragonbone":4,"minecraft:chiseled_quartz_block":2,"minecraft:stone_sword":1,"minecraft:clay_ball":5,"alexsmobs:ancient_dart":2,"minecraft:stripped_oak_log":1,"minecraft:filled_map":1,"minecraft:oak_button":6,"aether:iron_gloves":2,"iceandfire:chared_cobblestone":1,"minecraft:iron_chestplate":1,"luminousworld:groundpebbles_1":4,"minecraft:mossy_stone_bricks":1,"minecraft:light_gray_bed":1,"minecraft:stone_bricks":1,"minecraft:sandstone":5},"minecraft:killed_by":{"undead_revamp2:the_moonflower":1,"born_in_chaos_v1:nightmare_stalker":2,"born_in_chaos_v1:corpse_fly":1,"iceandfire:fire_dragon":1,"iceandfire:deathworm":1,"iceandfire:lightning_dragon":1},"minecraft:mined":{"undead_revamp2:arapholia":2,"minecraft:spruce_planks":14,"minecraft:potted_pink_tulip":1,"luminousworld:yellowpetunias":1,"minecraft:jungle_leaves":1,"minecraft:spruce_trapdoor":11,"placeablesmod:melon_block_1":1,"minecraft:grass_block":2,"minecraft:infested_cobblestone":13,"minecraft:light_gray_bed":1,"iceandfire:lectern":2,"minecraft:coal_block":4,"born_in_chaos_v1:pile_of_skulls":1,"minecraft:spawner":7,"minecraft:mossy_cobblestone_stairs":2,"minecraft:dark_oak_trapdoor":2,"minecraft:barrel":1,"minecraft:fire":42,"minecraft:dark_oak_stairs":6,"iceandfire:gold_pile":1,"minecraft:pointed_dripstone":7,"minecraft:cave_vines":1,"minecraft:polished_deepslate_slab":4,"ecologics:walnut_log":11,"minecraft:stripped_mangrove_wood":15,"iceandfire:chared_cobblestone":1,"minecraft:tripwire":21,"minecraft:sandstone_slab":2,"luminousworld:purple_petunias":3,"minecraft:soul_lantern":5,"minecraft:chiseled_quartz_block":4,"minecraft:torch":8,"minecraft:blast_furnace":2,"minecraft:calcite":38,"minecraft:polished_andesite_stairs":4,"minecraft:melon":15,"minecraft:oxidized_copper":1,"minecraft:chest":1,"minecraft:dead_bush":2,"minecraft:cobblestone":22,"minecraft:oak_planks":8,"minecraft:cyan_bed":2,"minecraft:sugar_cane":6,"minecraft:iron_door":1,"minecraft:wall_torch":25,"minecraft:stone_stairs":10,"minecraft:repeater":1,"minecraft:dark_oak_slab":2,"minecraft:dark_oak_door":2,"minecraft:mud":39,"born_in_chaos_v1:river_mint":4,"minecraft:birch_door":2,"minecraft:grass":181,"quark:birch_chest":1,"minecraft:oak_log":18,"minecraft:dirt":4,"minecraft:smooth_quartz":4,"minecraft:sand":68,"luminousworld:grassvariant_3":25,"luminousworld:palm_log":10,"minecraft:dispenser":4,"minecraft:tripwire_hook":5,"minecraft:stonecutter":1,"minecraft:piston":1,"minecraft:polished_deepslate_wall":5,"minecraft:cyan_candle":6,"minecraft:oak_leaves":9,"minecraft:light_blue_stained_glass_pane":2,"luminousworld:groundpebbles_1":4,"iceandfire:silver_ore":9,"minecraft:mossy_cobblestone":5,"luminousworld:blue_petunias":1,"minecraft:dark_oak_fence":1,"minecraft:yellow_candle":1,"luminousworld:grassvariant_2":47,"minecraft:mangrove_trapdoor":2,"minecraft:birch_slab":2,"minecraft:sandstone":1,"born_in_chaos_v1:gnawed_bones":2,"minecraft:mangrove_propagule":3,"minecraft:hay_block":7,"luminousworld:sunset_petunias":1,"minecraft:furnace":2,"minecraft:chiseled_sandstone":4,"placeablesmod:water_bucket_block":3,"minecraft:andesite":4,"minecraft:polished_deepslate":3,"minecraft:bookshelf":26,"minecraft:vine":8,"minecraft:lantern":11,"minecraft:bamboo_sapling":28,"minecraft:bamboo":172,"luminousworld:groundpebbles_2":1,"minecraft:stone":342,"minecraft:gray_concrete":1,"minecraft:red_wool":1,"minecraft:glass_pane":3,"minecraft:hanging_roots":1,"minecraft:stripped_dark_oak_log":4,"minecraft:observer":2,"minecraft:dandelion":1,"minecraft:spruce_door":2,"minecraft:crafting_table":4,"minecraft:honey_block":1,"minecraft:dropper":2,"ecologics:walnut_leaves":7,"minecraft:campfire":4,"luminousworld:grassflowers":3,"minecraft:copper_ore":117,"minecraft:tall_grass":11,"minecraft:diorite":7,"minecraft:spruce_stairs":9,"minecraft:cactus":1,"iceandfire:ash":1,"minecraft:coal_ore":51,"minecraft:gravel":24,"minecraft:cyan_carpet":29,"minecraft:gray_carpet":20,"minecraft:polished_andesite":5,"minecraft:stone_bricks":16,"minecraft:mossy_stone_bricks":2,"minecraft:iron_trapdoor":2,"minecraft:fern":5},"minecraft:crafted":{"naturalist:cooked_duck":7,"minecraft:black_dye":10,"minecraft:oak_planks":72,"ecologics:walnut_planks":16,"naturalist:cooked_bass":2,"minecraft:gray_wool":4,"minecraft:bamboo_block":112,"sophisticatedbackpacks:copper_backpack":1,"iceandfire:armor_green_helmet":1,"minecraft:copper_block":10,"born_in_chaos_v1:shattered_skull":4,"luminousworld:palmplank":20,"sophisticatedbackpacks:backpack":1,"luminousworld:cooked_bass":1,"minecraft:cooked_porkchop":5,"minecraft:crafting_table":6,"minecraft:copper_ingot":103,"minecraft:campfire":2,"minecraft:polished_deepslate_slab":6,"minecraft:bamboo_planks":46,"minecraft:dark_oak_slab":6,"minecraft:shield":1,"minecraft:stick":104,"quark:oak_chest":2,"minecraft:iron_pickaxe":2,"minecraft:iron_block":3,"minecraft:stone_sword":1,"minecraft:gray_carpet":6,"quark:mangrove_chest":5,"minecraft:wooden_sword":1,"iceandfire:armor_green_leggings":1,"minecraft:fishing_rod":1,"minecraft:iron_nugget":153,"iceandfire:dragon_stick":1,"minecraft:gray_dye":12,"iceandfire:dragon_flute":1,"minecraft:bone_meal":6,"minecraft:flint_and_steel":1,"minecraft:lantern":19,"born_in_chaos_v1:fried_maggot":5,"minecraft:dark_oak_planks":16,"minecraft:wheat":54,"sophisticatedbackpacks:iron_backpack":1,"ironchest:wood_to_iron_chest_upgrade":1,"iceandfire:silver_ingot":9,"minecraft:iron_sword":1,"luminousworld:cooked_trout":1,"sophisticatedbackpacks:gold_backpack":1,"minecraft:mangrove_planks":44,"minecraft:stone_axe":1,"minecraft:bread":20,"minecraft:air":0,"aether:iron_gloves":2,"quark:bamboo_chest":2,"minecraft:oak_boat":1,"iceandfire:armor_silver_metal_helmet":1,"minecraft:white_dye":6,"minecraft:wooden_axe":2,"minecraft:anvil":1,"iceandfire:dragonarmor_copper_head":1,"minecraft:torch":264,"iceandfire:silver_pickaxe":1},"minecraft:used":{"iceandfire:lectern":2,"minecraft:beetroot":3,"minecraft:iron_shovel":106,"minecraft:ladder":1,"minecraft:shield":5,"minecraft:iron_sword":557,"minecraft:rotten_flesh":5,"minecraft:carrot":3,"ecologics:prickly_pear":1,"naturalist:cooked_bass":2,"minecraft:yellow_candle":2,"minecraft:milk_bucket":2,"born_in_chaos_v1:corpse_maggot":2,"tombstone:tablet_of_cupidity":1,"minecraft:red_wool":1,"minecraft:lantern":32,"minecraft:iron_helmet":2,"minecraft:dark_oak_slab":5,"born_in_chaos_v1:gnawed_bones":2,"minecraft:stone_bricks":8,"minecraft:furnace":2,"iceandfire:armor_green_leggings":6,"minecraft:diorite":6,"minecraft:gray_carpet":63,"minecraft:oak_planks":9,"iceandfire:armor_green_helmet":1,"minecraft:cactus":3,"minecraft:sandstone":1,"luminousworld:groundpebbles_1":3,"minecraft:stripped_mangrove_wood":4,"minecraft:glow_berries":1,"minecraft:golden_apple":2,"minecraft:dark_oak_trapdoor":2,"minecraft:sand":53,"minecraft:cut_sandstone_slab":1,"minecraft:blast_furnace":2,"minecraft:crossbow":8,"minecraft:gray_concrete":1,"minecraft:chiseled_quartz_block":3,"minecraft:redstone_torch":5,"minecraft:chiseled_sandstone":1,"minecraft:melon_slice":78,"minecraft:bread":101,"minecraft:cyan_bed":1,"minecraft:cyan_carpet":76,"minecraft:gravel":16,"luminousworld:palmplank":6,"tombstone:grave_key":3,"minecraft:iron_door":1,"minecraft:soul_lantern":6,"quark:bamboo_chest":2,"naturalist:cooked_duck":7,"supplementaries:bamboo_spikes":1,"minecraft:dark_oak_fence":1,"luminousworld:cooked_trout":1,"minecraft:oak_boat":1,"minecraft:experience_bottle":1,"quark:birch_chest":1,"minecraft:stone_sword":44,"minecraft:flint_and_steel":3,"iceandfire:armor_copper_metal_leggings":4,"minecraft:armor_stand":4,"minecraft:spruce_planks":12,"born_in_chaos_v1:fried_maggot":8,"minecraft:torch":182,"minecraft:dirt":3,"minecraft:anvil":1,"iceandfire:copper_sword":194,"minecraft:spruce_stairs":2,"minecraft:stone_stairs":6,"minecraft:wooden_axe":90,"minecraft:mossy_cobblestone_stairs":2,"minecraft:polished_deepslate_wall":4,"minecraft:iron_boots":1,"minecraft:barrel":1,"minecraft:bamboo":599,"minecraft:oxidized_copper":1,"tombstone:gift":5,"minecraft:pointed_dripstone":11,"minecraft:iron_leggings":2,"minecraft:calcite":19,"minecraft:cooked_mutton":1,"minecraft:water_bucket":57,"minecraft:cyan_candle":16,"minecraft:cut_sandstone":4,"minecraft:stonecutter":1,"quark:mangrove_chest":5,"minecraft:polished_deepslate_slab":8,"minecraft:mossy_cobblestone":3,"minecraft:mangrove_trapdoor":2,"luminousworld:white_petunias":1,"tombstone:scroll_of_feather_fall":1,"minecraft:crafting_table":9,"minecraft:red_mushroom":1,"minecraft:campfire":2,"minecraft:cake":2,"luminousworld:cooked_bass":1,"minecraft:mud":3,"minecraft:iron_pickaxe":743,"minecraft:map":1,"minecraft:spruce_trapdoor":11,"minecraft:stone_axe":28,"minecraft:fishing_rod":3,"minecraft:cobblestone":140,"minecraft:potion":2,"minecraft:cooked_porkchop":7,"minecraft:bucket":58,"minecraft:sandstone_slab":2,"quark:oak_chest":1,"alexsmobs:animal_dictionary":1,"minecraft:diamond_leggings":1,"minecraft:splash_potion":1},"minecraft:broken":{"minecraft:iron_boots":1,"minecraft:iron_sword":1,"minecraft:wooden_axe":1,"minecraft:iron_pickaxe":2,"minecraft:iron_helmet":1},"minecraft:picked_up":{"minecraft:iron_chestplate":1,"minecraft:birch_door":2,"minecraft:wheat":3,"iceandfire:copper_sword":1,"minecraft:iron_trapdoor":2,"aether:iron_gloves":1,"minecraft:oak_stairs":1,"minecraft:potion":3,"minecraft:polished_deepslate_wall":5,"minecraft:polished_deepslate":3,"minecraft:string":24,"minecraft:dark_oak_trapdoor":2,"minecraft:raw_copper":402,"minecraft:armor_stand":4,"minecraft:beetroot":5,"minecraft:gold_nugget":12,"minecraft:spruce_planks":14,"minecraft:calcite":38,"minecraft:smooth_quartz":8,"minecraft:iron_pickaxe":1,"minecraft:melon_slice":82,"minecraft:coal_block":4,"minecraft:iron_boots":1,"minecraft:furnace":2,"minecraft:dark_oak_door":3,"minecraft:stick":3,"born_in_chaos_v1:shattered_skull":2,"ecologics:walnut_log":10,"iceandfire:armor_copper_metal_leggings":1,"minecraft:torch":42,"minecraft:spruce_stairs":3,"minecraft:porkchop":6,"minecraft:pointed_dripstone":50,"tombstone:grave_dust":7,"minecraft:diorite":7,"minecraft:yellow_banner":2,"born_in_chaos_v1:fried_maggot":3,"luminousworld:grassflowers":3,"minecraft:stone_sword":2,"minecraft:cactus":3,"minecraft:light_gray_bed":1,"minecraft:rotten_flesh":36,"minecraft:tropical_fish":2,"iceandfire:fire_dragon_heart":1,"supplementaries:ash":13,"undead_revamp2:arapholia":1,"minecraft:cobblestone":363,"minecraft:leather_chestplate":1,"minecraft:cooked_beef":3,"minecraft:feather":7,"minecraft:oxidized_copper":1,"minecraft:repeater":1,"minecraft:iron_door":1,"minecraft:water_bucket":3,"minecraft:andesite":4,"minecraft:brown_wool":1,"minecraft:chiseled_quartz_block":5,"minecraft:flint":2,"luminousworld:purple_petunias":3,"minecraft:map":1,"minecraft:gray_concrete":1,"minecraft:dirt":15,"minecraft:cut_sandstone_slab":3,"minecraft:lantern":14,"born_in_chaos_v1:monster_skin":1,"born_in_chaos_v1:marigolds":4,"minecraft:leather_boots":4,"minecraft:bone":36,"minecraft:stonecutter":1,"minecraft:wheat_seeds":14,"minecraft:mossy_stone_bricks":1,"minecraft:glowstone_dust":2,"minecraft:cyan_candle":16,"minecraft:bamboo":1598,"minecraft:oak_planks":8,"luminousworld:bass_item":1,"minecraft:cooked_porkchop":2,"ecologics:prickly_pear":2,"minecraft:dropper":2,"iceandfire:dragon_skull_fire":2,"minecraft:sand":96,"minecraft:cyan_bed":1,"minecraft:chiseled_sandstone":10,"minecraft:barrel":1,"minecraft:mossy_cobblestone":5,"iceandfire:chared_cobblestone":1,"minecraft:polished_andesite":5,"minecraft:dispenser":4,"born_in_chaos_v1:fire_dust":1,"iceandfire:lectern":2,"minecraft:soul_lantern":6,"luminousworld:yellowpetunias":1,"minecraft:golden_apple":16,"minecraft:chainmail_helmet":1,"minecraft:emerald":1,"minecraft:bread":4,"minecraft:dark_oak_fence":1,"iceandfire:raw_silver":9,"minecraft:charcoal":8,"minecraft:mud":37,"luminousworld:groundpebbles_1":9,"minecraft:crafting_table":4,"minecraft:sandstone_slab":6,"born_in_chaos_v1:river_mint":3,"minecraft:ladder":3,"minecraft:clay_ball":5,"minecraft:leather_leggings":3,"alexsmobs:roadrunner_feather":2,"luminousworld:trout":1,"minecraft:chain":1,"minecraft:yellow_candle":2,"minecraft:shield":1,"minecraft:stone_stairs":10,"iceandfire:armor_green_leggings":1,"born_in_chaos_v1:intoxicating_decoction":2,"minecraft:iron_shovel":1,"minecraft:cyan_carpet":76,"luminousworld:palm_log":10,"minecraft:beef":6,"born_in_chaos_v1:gnawed_bones":2,"minecraft:observer":2,"minecraft:light_gray_wool":2,"minecraft:chest":1,"minecraft:sugar_cane":10,"minecraft:piston":1,"minecraft:spruce_trapdoor":11,"minecraft:polished_deepslate_slab":4,"iceandfire:dragonbone":15,"iceandfire:dragonscales_green":12,"minecraft:sandstone":6,"minecraft:stripped_mangrove_wood":15,"naturalist:duck":7,"minecraft:fire_charge":2,"quark:birch_chest":1,"minecraft:mangrove_trapdoor":2,"alexsmobs:crocodile_scute":1,"minecraft:dark_oak_planks":13,"minecraft:arrow":51,"minecraft:hay_block":6,"minecraft:sandstone_stairs":5,"tombstone:essence_of_undeath":2,"minecraft:glistering_melon_slice":3,"minecraft:gold_ingot":10,"minecraft:glow_berries":1,"minecraft:mutton":7,"minecraft:white_wool":2,"born_in_chaos_v1:fused_bone":2,"minecraft:stripped_oak_log":1,"born_in_chaos_v1:corpse_maggot":17,"born_in_chaos_v1:monster_flesh":1,"minecraft:tripwire_hook":7,"minecraft:cut_sandstone":4,"minecraft:leather":5,"minecraft:oak_log":18,"minecraft:chainmail_chestplate":5,"minecraft:paper":5,"minecraft:cooked_mutton":7,"naturalist:bass":2,"minecraft:stone_bricks":16,"minecraft:gray_carpet":59,"minecraft:iron_ingot":4,"tombstone:bag_of_seeds":1,"luminousworld:white_petunias":1,"minecraft:iron_sword":4,"iceandfire:fire_dragon_flesh":6,"minecraft:dark_oak_stairs":6,"minecraft:book":75,"minecraft:polished_andesite_stairs":4,"minecraft:dark_oak_slab":2,"minecraft:red_wool":1,"iceandfire:ash":1,"minecraft:dandelion":1,"luminousworld:sunset_petunias":1,"minecraft:gravel":23,"minecraft:blast_furnace":2,"minecraft:leather_helmet":2,"minecraft:slime_ball":19,"born_in_chaos_v1:pile_of_skulls":1,"minecraft:honey_block":1,"minecraft:iron_helmet":2,"minecraft:mossy_cobblestone_stairs":2,"minecraft:oak_button":5,"minecraft:black_wool":1,"minecraft:stripped_dark_oak_log":4,"minecraft:mangrove_propagule":2,"minecraft:coal":59},"minecraft:killed":{"undead_revamp2:thewolf":1,"minecraft:witch":1,"born_in_chaos_v1:restless_spirit":1,"minecraft:spider":1,"undead_revamp2:thesmoker":1,"born_in_chaos_v1:siamese_skeletonsright":1,"born_in_chaos_v1:baby_skeleton_minion":1,"minecraft:skeleton":15,"born_in_chaos_v1:skeleton_thrasher":1,"minecraft:silverfish":8,"born_in_chaos_v1:firelight_not_despawn":1,"minecraft:magma_cube":4,"minecraft:pig":4,"luminousworld:hollow":4,"naturalist:firefly":1,"minecraft:sheep":6,"minecraft:zombie":5,"born_in_chaos_v1:corpse_fly":9,"enemyexpansion:botfly":5,"alexsmobs:fly":2,"takesapillage:archer":1,"born_in_chaos_v1:siamese_skeletonsleft":1,"minecraft:cow":3,"illagerinvasion:firecaller":1,"minecraft:slime":33,"enemyexpansion:direwolf":3,"naturalist:duck":7,"born_in_chaos_v1:zombie_bruiser":1,"born_in_chaos_v1:maggot":5,"iceandfire:fire_dragon":1,"takesapillage:clay_golem":1,"naturalist:bass":2,"iceandfire:deathworm":1,"undead_revamp2:sucker":1,"born_in_chaos_v1:barrel_zombie":1,"enemyexpansion:scorpion":1,"enemyexpansion:starved":1,"naturalist:vulture":1,"minecraft:husk":2,"undead_revamp2:the_moonflower":1,"born_in_chaos_v1:decrepit_skeleton":1,"born_in_chaos_v1:bloody_gadfly":1,"alexsmobs:crocodile":1,"iceandfire:ghost":3,"enemyexpansion:slugger":1}},"DataVersion":3465}