{"stats":{"minecraft:picked_up":{"minecraft:rotten_flesh":1,"minecraft:sugar_cane":9},"minecraft:mined":{"minecraft:grass":2,"minecraft:sugar_cane":6,"minecraft:oak_leaves":1},"minecraft:custom":{"minecraft:jump":43,"minecraft:time_since_rest":9089,"minecraft:damage_dealt":179,"tombstone:undead_killed":1,"minecraft:sprint_one_cm":1661,"minecraft:play_time":9089,"minecraft:damage_taken":240,"minecraft:time_since_death":9089,"minecraft:walk_one_cm":7679,"minecraft:climb_one_cm":628,"minecraft:total_world_time":9089,"minecraft:mob_kills":1,"minecraft:fall_one_cm":775,"minecraft:fly_one_cm":12972},"minecraft:used":{"alexsmobs:animal_dictionary":1},"minecraft:killed":{"undead_revamp2:sucker":1}},"DataVersion":3465}