{"stats":{"minecraft:custom":{"minecraft:inspect_dropper":1,"minecraft:mob_kills":46,"minecraft:interact_with_crafting_table":10,"minecraft:damage_dealt_resisted":102,"minecraft:leave_game":1,"minecraft:time_since_death":3809,"minecraft:climb_one_cm":36138,"minecraft:sprint_one_cm":161953,"minecraft:walk_one_cm":297093,"minecraft:damage_blocked_by_shield":90,"minecraft:drop":25,"minecraft:play_time":96756,"minecraft:deaths":7,"minecraft:sneak_time":3946,"minecraft:walk_under_water_one_cm":3428,"minecraft:boat_one_cm":71460,"minecraft:jump":1359,"minecraft:walk_on_water_one_cm":16217,"minecraft:total_world_time":96756,"minecraft:interact_with_furnace":9,"minecraft:interact_with_stonecutter":1,"minecraft:sleep_in_bed":3,"minecraft:time_since_rest":3211,"minecraft:damage_taken":4187,"minecraft:damage_absorbed":41,"minecraft:trigger_trapped_chest":1,"minecraft:damage_dealt":7482,"tombstone:cast_on_ally":0,"minecraft:swim_one_cm":33119,"minecraft:fly_one_cm":370243,"minecraft:open_chest":48,"minecraft:crouch_one_cm":12408,"tombstone:undead_killed":16,"minecraft:fall_one_cm":30882,"minecraft:inspect_dispenser":12},"minecraft:picked_up":{"luminousworld:groundpebbles_1":1,"minecraft:mud":37,"minecraft:crafting_table":2,"minecraft:potion":2,"minecraft:yellow_candle":2,"minecraft:string":21,"minecraft:iron_shovel":1,"minecraft:observer":2,"minecraft:smooth_quartz":4,"minecraft:melon_slice":82,"minecraft:sugar_cane":10,"minecraft:piston":1,"minecraft:furnace":2,"minecraft:sandstone":2,"naturalist:duck":7,"minecraft:torch":5,"minecraft:porkchop":3,"quark:birch_chest":1,"minecraft:pointed_dripstone":50,"minecraft:diorite":1,"minecraft:arrow":15,"minecraft:stone_sword":2,"minecraft:rotten_flesh":1,"minecraft:light_gray_bed":1,"minecraft:hay_block":5,"supplementaries:ash":1,"minecraft:glow_berries":1,"minecraft:cobblestone":7,"born_in_chaos_v1:corpse_maggot":7,"minecraft:feather":7,"minecraft:iron_door":1,"minecraft:tripwire_hook":4,"minecraft:chiseled_quartz_block":4,"minecraft:oak_log":18,"minecraft:gray_concrete":1,"minecraft:map":1,"minecraft:dirt":2,"minecraft:paper":5,"minecraft:cut_sandstone_slab":1,"minecraft:lantern":7,"minecraft:bone":17,"minecraft:stone_bricks":7,"minecraft:stonecutter":1,"minecraft:wheat_seeds":3,"tombstone:bag_of_seeds":1,"minecraft:mossy_stone_bricks":1,"minecraft:bamboo":7,"minecraft:iron_sword":1,"minecraft:book":66,"minecraft:dropper":2,"minecraft:sand":12,"minecraft:mossy_cobblestone":5,"minecraft:dispenser":4,"minecraft:honey_block":1,"minecraft:mossy_cobblestone_stairs":1,"minecraft:bread":2,"minecraft:mangrove_propagule":2,"minecraft:coal":6},"minecraft:crafted":{"naturalist:cooked_duck":7,"minecraft:wooden_sword":1,"minecraft:oak_planks":52,"born_in_chaos_v1:fried_maggot":5,"minecraft:wheat":45,"minecraft:cooked_porkchop":3,"minecraft:crafting_table":3,"minecraft:bread":20,"minecraft:air":0,"minecraft:oak_boat":1,"minecraft:shield":1,"minecraft:stick":8,"minecraft:iron_pickaxe":1,"minecraft:wooden_axe":1,"minecraft:stone_sword":1},"minecraft:mined":{"minecraft:light_blue_stained_glass_pane":2,"minecraft:potted_pink_tulip":1,"minecraft:mossy_cobblestone":5,"minecraft:jungle_leaves":1,"placeablesmod:melon_block_1":1,"minecraft:yellow_candle":1,"minecraft:infested_cobblestone":13,"minecraft:light_gray_bed":1,"minecraft:birch_slab":2,"minecraft:mangrove_propagule":3,"minecraft:sandstone":1,"minecraft:spawner":4,"minecraft:hay_block":6,"minecraft:furnace":2,"minecraft:mossy_cobblestone_stairs":1,"minecraft:fire":9,"minecraft:chiseled_sandstone":3,"minecraft:bookshelf":23,"minecraft:pointed_dripstone":7,"minecraft:cave_vines":1,"minecraft:vine":4,"minecraft:lantern":5,"luminousworld:groundpebbles_2":1,"minecraft:bamboo":1,"minecraft:tripwire":21,"minecraft:gray_concrete":1,"minecraft:glass_pane":2,"minecraft:hanging_roots":1,"minecraft:observer":2,"minecraft:chiseled_quartz_block":4,"minecraft:torch":1,"minecraft:crafting_table":2,"minecraft:honey_block":1,"minecraft:melon":15,"minecraft:dropper":2,"minecraft:cobblestone":8,"minecraft:sugar_cane":6,"minecraft:diorite":1,"minecraft:iron_door":1,"minecraft:wall_torch":2,"minecraft:mud":39,"minecraft:grass":18,"quark:birch_chest":1,"minecraft:oak_log":18,"minecraft:smooth_quartz":4,"minecraft:sand":12,"minecraft:dirt":2,"minecraft:stonecutter":1,"minecraft:stone_bricks":7,"minecraft:tripwire_hook":2,"minecraft:dispenser":4,"minecraft:mossy_stone_bricks":2,"minecraft:piston":1,"minecraft:oak_leaves":9,"minecraft:fern":3},"minecraft:used":{"minecraft:stone_sword":44,"quark:birch_chest":1,"minecraft:iron_shovel":51,"minecraft:shield":3,"minecraft:iron_sword":201,"born_in_chaos_v1:fried_maggot":2,"minecraft:rotten_flesh":4,"minecraft:torch":5,"minecraft:dirt":2,"minecraft:yellow_candle":2,"minecraft:mossy_cobblestone_stairs":1,"born_in_chaos_v1:corpse_maggot":2,"minecraft:wooden_axe":31,"tombstone:tablet_of_cupidity":1,"minecraft:lantern":7,"minecraft:stone_bricks":6,"minecraft:bamboo":12,"minecraft:furnace":2,"tombstone:gift":4,"minecraft:pointed_dripstone":11,"minecraft:water_bucket":1,"minecraft:oak_planks":1,"minecraft:sandstone":1,"minecraft:stonecutter":1,"minecraft:golden_apple":1,"minecraft:glow_berries":1,"minecraft:mossy_cobblestone":3,"minecraft:sand":12,"tombstone:scroll_of_feather_fall":1,"minecraft:cut_sandstone_slab":1,"minecraft:crafting_table":4,"minecraft:red_mushroom":1,"minecraft:chiseled_quartz_block":3,"minecraft:gray_concrete":1,"minecraft:redstone_torch":5,"minecraft:mud":3,"minecraft:melon_slice":78,"minecraft:bread":12,"minecraft:map":1,"minecraft:iron_pickaxe":82,"minecraft:iron_door":1,"minecraft:cobblestone":4,"minecraft:potion":2,"naturalist:cooked_duck":3,"minecraft:bucket":2,"supplementaries:bamboo_spikes":1,"alexsmobs:animal_dictionary":1,"minecraft:oak_boat":1,"minecraft:splash_potion":1},"minecraft:dropped":{"minecraft:piston":1,"minecraft:wheat_seeds":3,"minecraft:mossy_cobblestone":2,"minecraft:glass_bottle":2,"minecraft:mangrove_propagule":2,"minecraft:feather":7,"minecraft:cobblestone":1,"minecraft:book":9,"minecraft:diorite":1,"minecraft:smooth_quartz":4,"minecraft:wooden_sword":1,"minecraft:tripwire_hook":2,"minecraft:sugar_cane":1,"minecraft:chiseled_quartz_block":1,"minecraft:stone_sword":1,"alexsmobs:ancient_dart":2,"luminousworld:groundpebbles_1":1,"minecraft:mossy_stone_bricks":1,"minecraft:stone_bricks":1,"minecraft:sandstone":1},"minecraft:killed":{"enemyexpansion:direwolf":1,"naturalist:duck":7,"born_in_chaos_v1:baby_skeleton_minion":1,"minecraft:skeleton":13,"minecraft:silverfish":8,"undead_revamp2:sucker":1,"naturalist:vulture":1,"minecraft:magma_cube":4,"minecraft:pig":2,"undead_revamp2:the_moonflower":1,"born_in_chaos_v1:corpse_fly":6},"minecraft:killed_by":{"undead_revamp2:the_moonflower":1,"born_in_chaos_v1:nightmare_stalker":2,"born_in_chaos_v1:corpse_fly":1}},"DataVersion":3465}