{"stats":{"minecraft:crafted":{"minecraft:stone_shovel":1,"quark:birch_chest":1,"minecraft:crafting_table":1,"minecraft:wooden_pickaxe":1,"minecraft:furnace":1,"minecraft:birch_planks":24,"minecraft:stone_axe":2,"minecraft:jungle_planks":76,"minecraft:jungle_door":3,"minecraft:charcoal":38,"minecraft:melon_seeds":2,"minecraft:stick":24,"minecraft:stone_pickaxe":2,"minecraft:stone_sword":1,"alexsmobs:cooked_catfish":3,"minecraft:torch":52},"minecraft:dropped":{"minecraft:stone_pickaxe":1},"minecraft:used":{"alexsmobs:cooked_catfish":2,"quark:birch_chest":1,"minecraft:stone_sword":19,"minecraft:stone_shovel":7,"minecraft:stone_pickaxe":164,"minecraft:wooden_pickaxe":22,"minecraft:rotten_flesh":1,"minecraft:torch":7,"minecraft:dirt":4,"minecraft:crafting_table":2,"minecraft:jungle_planks":51,"minecraft:melon_slice":3,"minecraft:birch_sapling":1,"minecraft:bamboo":4,"minecraft:stone_axe":130,"minecraft:cobblestone":9,"minecraft:bow":1,"born_in_chaos_v1:rotten_fish":1,"minecraft:furnace":1,"minecraft:jungle_door":1,"alexsmobs:animal_dictionary":3},"minecraft:killed_by":{"born_in_chaos_v1:corpse_fly":1},"minecraft:killed":{"alexsmobs:seagull":1,"born_in_chaos_v1:maggot":1,"minecraft:skeleton":1,"alexsmobs:catfish":1,"born_in_chaos_v1:zombie_fisherman":1,"born_in_chaos_v1:corpse_fly":1,"naturalist:bass":1},"minecraft:picked_up":{"minecraft:birch_log":6,"minecraft:cocoa_beans":3,"born_in_chaos_v1:corpse_maggot":1,"minecraft:crafting_table":1,"minecraft:feather":1,"minecraft:jungle_log":99,"ecologics:seashell":2,"minecraft:lily_pad":1,"minecraft:dirt":8,"minecraft:raw_copper":54,"naturalist:bass":2,"minecraft:bone":1,"minecraft:bow":1,"minecraft:wheat_seeds":1,"alexsmobs:banana":1,"minecraft:stone_pickaxe":1,"minecraft:rose_bush":3,"minecraft:bamboo":8,"minecraft:melon_slice":11,"minecraft:birch_sapling":4,"minecraft:stick":6,"naturalist:cattail_fluff":23,"minecraft:torch":1,"minecraft:jungle_planks":15,"alexsmobs:raw_catfish":3,"minecraft:rotten_flesh":2,"minecraft:arrow":1,"born_in_chaos_v1:rotten_fish":1,"minecraft:coal":28,"minecraft:cobblestone":140},"minecraft:custom":{"minecraft:interact_with_furnace":6,"minecraft:mob_kills":7,"minecraft:interact_with_crafting_table":20,"minecraft:leave_game":1,"minecraft:time_since_death":29884,"minecraft:climb_one_cm":12153,"minecraft:time_since_rest":29512,"minecraft:sprint_one_cm":78269,"minecraft:damage_taken":385,"minecraft:walk_one_cm":150584,"minecraft:drop":1,"minecraft:damage_dealt":977,"minecraft:swim_one_cm":11745,"minecraft:fly_one_cm":50144,"minecraft:open_chest":19,"minecraft:play_time":39885,"tombstone:undead_killed":2,"minecraft:deaths":1,"minecraft:sneak_time":117,"minecraft:walk_under_water_one_cm":5912,"minecraft:jump":594,"minecraft:walk_on_water_one_cm":15132,"minecraft:total_world_time":39885,"minecraft:fall_one_cm":11974},"minecraft:mined":{"naturalist:cattail":14,"minecraft:jungle_leaves":7,"minecraft:crafting_table":1,"minecraft:torch":1,"minecraft:grass_block":3,"minecraft:melon":2,"minecraft:jungle_planks":15,"minecraft:jungle_log":99,"minecraft:rose_bush":3,"minecraft:copper_ore":14,"minecraft:cobblestone":8,"minecraft:lily_pad":1,"ecologics:seashell":2,"minecraft:birch_log":6,"minecraft:birch_leaves":1,"minecraft:grass":1,"minecraft:coal_ore":28,"minecraft:cocoa":1,"minecraft:vine":8,"minecraft:dirt":5,"minecraft:bamboo_sapling":1,"minecraft:bamboo":1,"minecraft:stone":132,"minecraft:oak_leaves":9,"minecraft:fern":2},"minecraft:broken":{"minecraft:stone_pickaxe":1}},"DataVersion":3465}