{"stats":{"minecraft:crafted":{"minecraft:stone_shovel":1,"quark:birch_chest":1,"quark:jungle_chest":2,"minecraft:furnace":1,"minecraft:melon_seeds":2,"minecraft:stone_pickaxe":10,"alexsmobs:cooked_catfish":3,"minecraft:stone_hoe":1,"minecraft:cooked_porkchop":3,"minecraft:crafting_table":1,"minecraft:wooden_pickaxe":1,"minecraft:birch_planks":24,"minecraft:stone_axe":2,"minecraft:jungle_planks":312,"minecraft:jungle_door":3,"minecraft:charcoal":38,"minecraft:stick":40,"minecraft:stone_sword":1,"minecraft:torch":52},"minecraft:dropped":{"minecraft:stone_pickaxe":1},"minecraft:used":{"quark:birch_chest":1,"minecraft:stone_sword":91,"minecraft:stone_shovel":40,"quark:jungle_chest":4,"minecraft:stone_hoe":21,"minecraft:rotten_flesh":1,"minecraft:torch":55,"minecraft:dirt":4,"minecraft:jungle_planks":350,"minecraft:birch_sapling":1,"minecraft:bamboo":4,"minecraft:bow":1,"minecraft:furnace":2,"minecraft:light_gray_bed":1,"alexsmobs:cooked_catfish":3,"minecraft:stone_pickaxe":1156,"minecraft:wooden_pickaxe":22,"minecraft:glow_berries":1,"minecraft:crafting_table":3,"minecraft:melon_slice":18,"born_in_chaos_v1:marigolds":1,"minecraft:stone_axe":248,"minecraft:cobblestone":40,"born_in_chaos_v1:rotten_fish":1,"minecraft:cooked_porkchop":1,"minecraft:jungle_door":1,"alexsmobs:animal_dictionary":3},"minecraft:killed_by":{"born_in_chaos_v1:corpse_fly":1,"minecraft:silverfish":2},"minecraft:killed":{"alexsmobs:seagull":1,"born_in_chaos_v1:maggot":6,"minecraft:skeleton":1,"alexsmobs:leafcutter_ant":1,"naturalist:bass":1,"minecraft:silverfish":12,"undead_revamp2:sucker":1,"minecraft:pig":1,"naturalist:alligator":1,"alexsmobs:catfish":1,"born_in_chaos_v1:zombie_fisherman":1,"minecraft:zombie":1,"luminousworld:swamp_zombie":1,"born_in_chaos_v1:corpse_fly":1},"minecraft:picked_up":{"minecraft:cocoa_beans":51,"minecraft:mud":27,"minecraft:crafting_table":2,"minecraft:splash_potion":1,"ecologics:seashell":2,"minecraft:raw_copper":113,"minecraft:sticky_piston":6,"minecraft:cracked_stone_bricks":1,"minecraft:detector_rail":1,"alexsmobs:banana":1,"minecraft:comparator":1,"minecraft:redstone_torch":2,"minecraft:rose_bush":3,"minecraft:player_head":3,"minecraft:melon_slice":20,"minecraft:birch_sapling":4,"minecraft:furnace":1,"minecraft:stick":6,"minecraft:copper_ingot":1,"minecraft:torch":14,"quark:jungle_chest":2,"minecraft:porkchop":3,"quark:birch_chest":1,"iceandfire:deathworm_chitin_white":5,"minecraft:redstone":6,"minecraft:golden_chestplate":1,"minecraft:arrow":1,"minecraft:light_gray_bed":1,"minecraft:rotten_flesh":5,"minecraft:mangrove_roots":1,"minecraft:glow_berries":20,"minecraft:cobblestone":967,"minecraft:birch_log":6,"born_in_chaos_v1:corpse_maggot":3,"minecraft:muddy_mangrove_roots":2,"minecraft:feather":1,"minecraft:repeater":3,"born_in_chaos_v1:monster_flesh":3,"minecraft:jungle_log":117,"minecraft:black_bed":1,"minecraft:lily_pad":1,"minecraft:dirt":44,"born_in_chaos_v1:marigolds":3,"naturalist:bass":2,"minecraft:bone":1,"minecraft:apple":1,"minecraft:bow":1,"minecraft:wheat_seeds":6,"minecraft:stone_pickaxe":1,"minecraft:bamboo":101,"minecraft:iron_sword":1,"naturalist:cattail_fluff":23,"minecraft:dropper":1,"minecraft:jungle_planks":77,"alexsmobs:raw_catfish":3,"minecraft:dispenser":1,"supplementaries:bamboo_spikes":1,"alexsmobs:rattlesnake_rattle":1,"minecraft:granite":77,"born_in_chaos_v1:rotten_fish":1,"minecraft:hopper":1,"minecraft:coal":92},"minecraft:broken":{"minecraft:stone_pickaxe":8,"minecraft:stone_axe":1},"minecraft:custom":{"minecraft:inspect_dropper":2,"minecraft:mob_kills":31,"minecraft:interact_with_crafting_table":35,"minecraft:damage_dealt_resisted":40,"minecraft:leave_game":2,"minecraft:time_since_death":3009,"minecraft:climb_one_cm":37993,"minecraft:sprint_one_cm":189516,"minecraft:walk_one_cm":653524,"minecraft:drop":1,"minecraft:play_time":144158,"minecraft:deaths":4,"minecraft:sneak_time":697,"minecraft:walk_under_water_one_cm":6734,"minecraft:jump":1643,"minecraft:walk_on_water_one_cm":18564,"minecraft:total_world_time":144158,"minecraft:interact_with_furnace":13,"minecraft:sleep_in_bed":5,"minecraft:time_since_rest":622,"minecraft:damage_taken":1311,"minecraft:trigger_trapped_chest":2,"minecraft:damage_dealt":3574,"minecraft:swim_one_cm":25691,"minecraft:fly_one_cm":96025,"minecraft:open_chest":56,"minecraft:crouch_one_cm":1907,"tombstone:undead_killed":5,"minecraft:fall_one_cm":29335,"minecraft:inspect_dispenser":6},"minecraft:mined":{"naturalist:cattail":14,"minecraft:jungle_leaves":9,"minecraft:cave_vines_plant":4,"minecraft:granite":77,"minecraft:grass_block":5,"minecraft:infested_cobblestone":8,"minecraft:jungle_planks":77,"minecraft:jungle_log":117,"minecraft:light_gray_bed":1,"minecraft:redstone_wire":5,"quark:jungle_chest":2,"minecraft:hopper":1,"minecraft:furnace":1,"minecraft:sticky_piston":1,"supplementaries:bamboo_spikes":1,"minecraft:detector_rail":1,"minecraft:vine":30,"minecraft:cave_vines":3,"minecraft:bamboo_sapling":1,"minecraft:bamboo":11,"minecraft:stone":954,"minecraft:redstone_wall_torch":2,"minecraft:piston_head":6,"born_in_chaos_v1:marigolds":3,"minecraft:comparator":1,"minecraft:crafting_table":2,"minecraft:torch":2,"minecraft:dropper":1,"minecraft:melon":4,"minecraft:rose_bush":3,"minecraft:cobblestone":14,"minecraft:copper_ore":31,"minecraft:lily_pad":1,"minecraft:wall_torch":11,"minecraft:repeater":3,"ecologics:seashell":2,"minecraft:mud":14,"minecraft:birch_log":6,"minecraft:birch_leaves":1,"minecraft:black_bed":1,"minecraft:grass":49,"quark:birch_chest":1,"minecraft:coal_ore":69,"minecraft:cocoa":11,"minecraft:dirt":20,"minecraft:dispenser":1,"minecraft:oak_leaves":13,"minecraft:fern":10}},"DataVersion":3465}