{"stats":{"minecraft:crafted":{"minecraft:stone_shovel":1,"quark:birch_chest":1,"minecraft:crafting_table":1,"minecraft:wooden_pickaxe":1,"minecraft:furnace":1,"minecraft:birch_planks":24,"minecraft:stone_axe":2,"minecraft:jungle_planks":76,"minecraft:jungle_door":3,"minecraft:charcoal":38,"minecraft:melon_seeds":2,"minecraft:stick":24,"minecraft:stone_pickaxe":2,"minecraft:stone_sword":1,"alexsmobs:cooked_catfish":3,"minecraft:torch":52},"minecraft:dropped":{"minecraft:stone_pickaxe":1},"minecraft:used":{"alexsmobs:cooked_catfish":2,"quark:birch_chest":1,"minecraft:stone_sword":33,"minecraft:stone_shovel":7,"minecraft:stone_pickaxe":164,"minecraft:wooden_pickaxe":22,"minecraft:rotten_flesh":1,"minecraft:torch":8,"minecraft:dirt":4,"minecraft:crafting_table":2,"minecraft:jungle_planks":51,"minecraft:melon_slice":9,"minecraft:birch_sapling":1,"minecraft:bamboo":4,"minecraft:stone_axe":146,"minecraft:cobblestone":9,"minecraft:bow":1,"born_in_chaos_v1:rotten_fish":1,"minecraft:furnace":1,"minecraft:jungle_door":1,"alexsmobs:animal_dictionary":3},"minecraft:killed_by":{"born_in_chaos_v1:corpse_fly":1},"minecraft:killed":{"alexsmobs:seagull":1,"born_in_chaos_v1:maggot":3,"minecraft:skeleton":1,"alexsmobs:catfish":1,"born_in_chaos_v1:zombie_fisherman":1,"minecraft:zombie":1,"born_in_chaos_v1:corpse_fly":1,"naturalist:bass":1,"undead_revamp2:sucker":1},"minecraft:picked_up":{"minecraft:mud":14,"minecraft:birch_log":6,"minecraft:cocoa_beans":33,"born_in_chaos_v1:corpse_maggot":1,"minecraft:crafting_table":1,"minecraft:muddy_mangrove_roots":2,"minecraft:feather":1,"minecraft:jungle_log":99,"ecologics:seashell":2,"minecraft:lily_pad":1,"minecraft:dirt":9,"minecraft:raw_copper":54,"born_in_chaos_v1:marigolds":1,"naturalist:bass":2,"minecraft:bone":1,"minecraft:cracked_stone_bricks":1,"minecraft:bow":1,"minecraft:wheat_seeds":2,"alexsmobs:banana":1,"minecraft:stone_pickaxe":1,"minecraft:rose_bush":3,"minecraft:bamboo":22,"minecraft:melon_slice":11,"minecraft:birch_sapling":4,"minecraft:stick":6,"naturalist:cattail_fluff":23,"minecraft:torch":2,"minecraft:jungle_planks":15,"minecraft:light_gray_bed":1,"alexsmobs:raw_catfish":3,"minecraft:rotten_flesh":3,"minecraft:arrow":1,"minecraft:mangrove_roots":1,"born_in_chaos_v1:rotten_fish":1,"minecraft:coal":28,"minecraft:cobblestone":140},"minecraft:custom":{"minecraft:inspect_dropper":1,"minecraft:interact_with_furnace":6,"minecraft:mob_kills":11,"minecraft:interact_with_crafting_table":21,"minecraft:damage_dealt_resisted":20,"minecraft:leave_game":1,"minecraft:time_since_death":3247,"minecraft:sleep_in_bed":1,"minecraft:climb_one_cm":19450,"minecraft:time_since_rest":848,"minecraft:sprint_one_cm":101725,"minecraft:damage_taken":660,"minecraft:walk_one_cm":207762,"minecraft:drop":1,"minecraft:damage_dealt":1564,"minecraft:swim_one_cm":25691,"minecraft:fly_one_cm":64797,"minecraft:open_chest":21,"minecraft:crouch_one_cm":325,"minecraft:play_time":51885,"tombstone:undead_killed":4,"minecraft:deaths":2,"minecraft:sneak_time":242,"minecraft:walk_under_water_one_cm":6073,"minecraft:jump":866,"minecraft:walk_on_water_one_cm":16886,"minecraft:total_world_time":51885,"minecraft:fall_one_cm":17613},"minecraft:mined":{"naturalist:cattail":14,"born_in_chaos_v1:marigolds":1,"minecraft:jungle_leaves":7,"minecraft:crafting_table":1,"minecraft:torch":1,"minecraft:grass_block":3,"minecraft:melon":2,"minecraft:jungle_planks":15,"minecraft:jungle_log":99,"minecraft:rose_bush":3,"minecraft:light_gray_bed":1,"minecraft:copper_ore":14,"minecraft:cobblestone":8,"minecraft:lily_pad":1,"minecraft:wall_torch":1,"ecologics:seashell":2,"minecraft:birch_log":6,"minecraft:birch_leaves":1,"minecraft:cave_vines":3,"minecraft:grass":3,"minecraft:coal_ore":28,"minecraft:cocoa":11,"minecraft:vine":8,"minecraft:dirt":5,"minecraft:bamboo_sapling":1,"minecraft:bamboo":4,"minecraft:stone":132,"minecraft:oak_leaves":9,"minecraft:fern":2},"minecraft:broken":{"minecraft:stone_pickaxe":1,"minecraft:stone_axe":1}},"DataVersion":3465}