{"stats":{"minecraft:crafted":{"minecraft:stone_shovel":1,"quark:birch_chest":1,"minecraft:crafting_table":1,"minecraft:wooden_pickaxe":1,"quark:jungle_chest":2,"minecraft:furnace":1,"minecraft:birch_planks":24,"minecraft:stone_axe":2,"minecraft:jungle_planks":204,"minecraft:jungle_door":3,"minecraft:charcoal":38,"minecraft:melon_seeds":2,"minecraft:stick":28,"minecraft:stone_pickaxe":5,"minecraft:stone_sword":1,"alexsmobs:cooked_catfish":3,"minecraft:torch":52},"minecraft:dropped":{"minecraft:stone_pickaxe":1},"minecraft:used":{"alexsmobs:cooked_catfish":3,"quark:birch_chest":1,"minecraft:stone_sword":38,"minecraft:stone_shovel":22,"minecraft:stone_pickaxe":631,"quark:jungle_chest":4,"minecraft:wooden_pickaxe":22,"minecraft:rotten_flesh":1,"minecraft:torch":18,"minecraft:dirt":4,"minecraft:crafting_table":3,"minecraft:jungle_planks":209,"minecraft:melon_slice":9,"minecraft:birch_sapling":1,"minecraft:bamboo":4,"minecraft:stone_axe":196,"minecraft:cobblestone":16,"minecraft:bow":1,"born_in_chaos_v1:rotten_fish":1,"minecraft:furnace":2,"minecraft:jungle_door":1,"alexsmobs:animal_dictionary":3,"minecraft:light_gray_bed":1},"minecraft:killed_by":{"born_in_chaos_v1:corpse_fly":1},"minecraft:killed":{"minecraft:pig":1,"alexsmobs:seagull":1,"born_in_chaos_v1:maggot":4,"minecraft:skeleton":1,"alexsmobs:catfish":1,"born_in_chaos_v1:zombie_fisherman":1,"minecraft:zombie":1,"born_in_chaos_v1:corpse_fly":1,"naturalist:bass":1,"undead_revamp2:sucker":1},"minecraft:picked_up":{"minecraft:mud":14,"minecraft:birch_log":6,"minecraft:cocoa_beans":33,"born_in_chaos_v1:corpse_maggot":1,"minecraft:crafting_table":2,"minecraft:muddy_mangrove_roots":2,"minecraft:feather":1,"minecraft:splash_potion":1,"born_in_chaos_v1:monster_flesh":3,"minecraft:jungle_log":107,"ecologics:seashell":2,"minecraft:lily_pad":1,"minecraft:dirt":23,"minecraft:raw_copper":78,"born_in_chaos_v1:marigolds":1,"naturalist:bass":2,"minecraft:bone":1,"minecraft:apple":1,"minecraft:cracked_stone_bricks":1,"minecraft:bow":1,"minecraft:wheat_seeds":3,"alexsmobs:banana":1,"minecraft:stone_pickaxe":1,"minecraft:player_head":3,"minecraft:rose_bush":3,"minecraft:bamboo":35,"minecraft:melon_slice":11,"minecraft:birch_sapling":4,"minecraft:iron_sword":1,"minecraft:furnace":1,"minecraft:stick":6,"naturalist:cattail_fluff":23,"minecraft:torch":8,"quark:jungle_chest":2,"minecraft:porkchop":3,"minecraft:jungle_planks":48,"quark:birch_chest":1,"iceandfire:deathworm_chitin_white":5,"minecraft:golden_chestplate":1,"minecraft:light_gray_bed":1,"alexsmobs:raw_catfish":3,"minecraft:rotten_flesh":3,"minecraft:arrow":1,"minecraft:granite":20,"alexsmobs:rattlesnake_rattle":1,"minecraft:mangrove_roots":1,"born_in_chaos_v1:rotten_fish":1,"minecraft:coal":65,"minecraft:cobblestone":556},"minecraft:custom":{"minecraft:inspect_dropper":1,"minecraft:interact_with_furnace":11,"minecraft:mob_kills":13,"minecraft:interact_with_crafting_table":29,"minecraft:damage_dealt_resisted":20,"minecraft:leave_game":1,"minecraft:time_since_death":39247,"minecraft:sleep_in_bed":3,"minecraft:climb_one_cm":22408,"minecraft:time_since_rest":9521,"minecraft:sprint_one_cm":131518,"minecraft:damage_taken":677,"minecraft:walk_one_cm":334008,"minecraft:drop":1,"minecraft:damage_dealt":1724,"minecraft:swim_one_cm":25691,"minecraft:fly_one_cm":74985,"minecraft:open_chest":39,"minecraft:crouch_one_cm":1642,"minecraft:play_time":87885,"tombstone:undead_killed":4,"minecraft:deaths":2,"minecraft:sneak_time":506,"minecraft:walk_under_water_one_cm":6073,"minecraft:jump":1022,"minecraft:walk_on_water_one_cm":16886,"minecraft:total_world_time":87885,"minecraft:fall_one_cm":19791},"minecraft:mined":{"naturalist:cattail":14,"born_in_chaos_v1:marigolds":1,"minecraft:jungle_leaves":7,"minecraft:crafting_table":2,"minecraft:torch":1,"minecraft:granite":20,"minecraft:grass_block":3,"minecraft:melon":2,"minecraft:jungle_planks":48,"minecraft:jungle_log":107,"minecraft:rose_bush":3,"minecraft:light_gray_bed":1,"quark:jungle_chest":2,"minecraft:copper_ore":21,"minecraft:cobblestone":9,"minecraft:lily_pad":1,"minecraft:wall_torch":7,"minecraft:furnace":1,"ecologics:seashell":2,"minecraft:birch_log":6,"minecraft:birch_leaves":1,"quark:birch_chest":1,"minecraft:cave_vines":3,"minecraft:grass":4,"minecraft:coal_ore":48,"minecraft:cocoa":11,"minecraft:vine":9,"minecraft:dirt":19,"minecraft:bamboo_sapling":1,"minecraft:bamboo":5,"minecraft:stone":547,"minecraft:oak_leaves":12,"minecraft:fern":2},"minecraft:broken":{"minecraft:stone_pickaxe":4,"minecraft:stone_axe":1}},"DataVersion":3465}