{"stats":{"minecraft:used":{"minecraft:stone_sword":18,"minecraft:stone_pickaxe":4,"minecraft:wooden_pickaxe":8,"minecraft:rotten_flesh":1,"minecraft:stone_axe":1,"born_in_chaos_v1:rotten_fish":1,"minecraft:bow":1,"minecraft:crafting_table":1,"alexsmobs:animal_dictionary":1},"minecraft:mined":{"naturalist:cattail":4,"ecologics:seashell":2,"minecraft:birch_log":6,"minecraft:birch_leaves":1,"minecraft:crafting_table":1,"minecraft:rose_bush":3,"minecraft:cobblestone":8,"minecraft:lily_pad":1},"minecraft:picked_up":{"minecraft:birch_log":6,"minecraft:stick":5,"born_in_chaos_v1:corpse_maggot":1,"minecraft:crafting_table":1,"minecraft:feather":1,"naturalist:cattail_fluff":6,"ecologics:seashell":2,"minecraft:lily_pad":1,"alexsmobs:raw_catfish":3,"minecraft:bone":1,"minecraft:arrow":1,"minecraft:rotten_flesh":1,"minecraft:bow":1,"minecraft:rose_bush":3,"born_in_chaos_v1:rotten_fish":1,"minecraft:birch_sapling":4,"minecraft:cobblestone":8},"minecraft:killed_by":{"born_in_chaos_v1:corpse_fly":1},"minecraft:custom":{"minecraft:time_since_rest":2046,"minecraft:sprint_one_cm":27511,"minecraft:damage_taken":295,"minecraft:walk_one_cm":27871,"minecraft:mob_kills":6,"minecraft:damage_dealt":947,"minecraft:swim_one_cm":10313,"minecraft:interact_with_crafting_table":4,"minecraft:fly_one_cm":19046,"minecraft:play_time":12419,"minecraft:deaths":1,"tombstone:undead_killed":2,"minecraft:sneak_time":77,"minecraft:walk_under_water_one_cm":3744,"minecraft:jump":111,"minecraft:walk_on_water_one_cm":8228,"minecraft:time_since_death":2418,"minecraft:climb_one_cm":590,"minecraft:total_world_time":12419,"minecraft:fall_one_cm":1852},"minecraft:crafted":{"minecraft:crafting_table":1,"minecraft:stick":8,"minecraft:wooden_pickaxe":1,"minecraft:stone_pickaxe":1,"minecraft:stone_sword":1,"minecraft:birch_planks":24,"minecraft:stone_axe":1},"minecraft:killed":{"minecraft:skeleton":1,"alexsmobs:catfish":1,"born_in_chaos_v1:zombie_fisherman":1,"born_in_chaos_v1:corpse_fly":1,"alexsmobs:seagull":1,"born_in_chaos_v1:maggot":1}},"DataVersion":3465}