{"stats":{"minecraft:crafted":{"minecraft:stone_shovel":1,"quark:birch_chest":1,"minecraft:crafting_table":1,"minecraft:wooden_pickaxe":1,"minecraft:furnace":1,"minecraft:birch_planks":24,"minecraft:stone_axe":1,"minecraft:jungle_planks":44,"minecraft:jungle_door":3,"minecraft:melon_seeds":2,"minecraft:stick":8,"minecraft:stone_pickaxe":1,"minecraft:stone_sword":1,"alexsmobs:cooked_catfish":3},"minecraft:dropped":{"minecraft:stone_pickaxe":1},"minecraft:used":{"alexsmobs:cooked_catfish":2,"quark:birch_chest":1,"minecraft:stone_sword":19,"minecraft:stone_shovel":3,"minecraft:stone_pickaxe":125,"minecraft:wooden_pickaxe":22,"minecraft:rotten_flesh":1,"minecraft:crafting_table":2,"minecraft:jungle_planks":38,"minecraft:melon_slice":3,"minecraft:birch_sapling":1,"minecraft:stone_axe":103,"minecraft:cobblestone":9,"minecraft:bow":1,"born_in_chaos_v1:rotten_fish":1,"minecraft:furnace":1,"minecraft:jungle_door":1,"alexsmobs:animal_dictionary":3},"minecraft:killed_by":{"born_in_chaos_v1:corpse_fly":1},"minecraft:killed":{"alexsmobs:seagull":1,"born_in_chaos_v1:maggot":1,"minecraft:skeleton":1,"alexsmobs:catfish":1,"born_in_chaos_v1:zombie_fisherman":1,"born_in_chaos_v1:corpse_fly":1,"naturalist:bass":1},"minecraft:picked_up":{"minecraft:birch_log":6,"minecraft:cocoa_beans":3,"born_in_chaos_v1:corpse_maggot":1,"minecraft:crafting_table":1,"minecraft:feather":1,"minecraft:jungle_log":92,"ecologics:seashell":2,"minecraft:lily_pad":1,"minecraft:dirt":3,"minecraft:raw_copper":22,"naturalist:bass":2,"minecraft:bone":1,"minecraft:bow":1,"minecraft:wheat_seeds":1,"minecraft:stone_pickaxe":1,"minecraft:rose_bush":3,"minecraft:melon_slice":11,"minecraft:birch_sapling":4,"minecraft:stick":5,"naturalist:cattail_fluff":23,"minecraft:jungle_planks":2,"alexsmobs:raw_catfish":3,"minecraft:rotten_flesh":2,"minecraft:arrow":1,"born_in_chaos_v1:rotten_fish":1,"minecraft:coal":8,"minecraft:cobblestone":129},"minecraft:custom":{"minecraft:interact_with_furnace":5,"minecraft:mob_kills":7,"minecraft:interact_with_crafting_table":16,"minecraft:leave_game":1,"minecraft:time_since_death":17884,"minecraft:climb_one_cm":5695,"minecraft:time_since_rest":17512,"minecraft:sprint_one_cm":58724,"minecraft:damage_taken":375,"minecraft:walk_one_cm":110560,"minecraft:drop":1,"minecraft:damage_dealt":977,"minecraft:swim_one_cm":11745,"minecraft:fly_one_cm":40026,"minecraft:open_chest":14,"minecraft:play_time":27885,"tombstone:undead_killed":2,"minecraft:deaths":1,"minecraft:sneak_time":117,"minecraft:walk_under_water_one_cm":5912,"minecraft:jump":410,"minecraft:walk_on_water_one_cm":15132,"minecraft:total_world_time":27885,"minecraft:fall_one_cm":8912},"minecraft:mined":{"naturalist:cattail":14,"minecraft:crafting_table":1,"minecraft:grass_block":1,"minecraft:melon":2,"minecraft:jungle_planks":2,"minecraft:jungle_log":92,"minecraft:rose_bush":3,"minecraft:copper_ore":6,"minecraft:cobblestone":8,"minecraft:lily_pad":1,"ecologics:seashell":2,"minecraft:birch_log":6,"minecraft:birch_leaves":1,"minecraft:coal_ore":8,"minecraft:cocoa":1,"minecraft:vine":4,"minecraft:dirt":3,"minecraft:stone":121,"minecraft:oak_leaves":5,"minecraft:fern":2}},"DataVersion":3465}